INTERVALSTARTTIME_GMT,INTERVALENDTIME_GMT,LOAD_TYPE,OPR_DT,OPR_HR,OPR_INTERVAL,MARKET_RUN_ID,TAC_AREA_NAME,LABEL,XML_DATA_ITEM,POS,MW,EXECUTION_TYPE,GROUP
2022-10-31T09:00:00-00:00,2022-10-31T10:00:00-00:00,1,2022-10-31,3,0,DAM,AVA,Demand Forecast Day Ahead,SYS_FCST_DA_MW,2.8,820.46,DAM,1
2022-10-31T11:00:00-00:00,2022-10-31T12:00:00-00:00,1,2022-10-31,5,0,DAM,AVA,Demand Forecast Day Ahead,SYS_FCST_DA_MW,2.8,875.05,DAM,1
2022-10-31T18:00:00-00:00,2022-10-31T19:00:00-00:00,1,2022-10-31,12,0,DAM,AVA,Demand Forecast Day Ahead,SYS_FCST_DA_MW,2.8,1271.59,DAM,1
2022-10-31T16:00:00-00:00,2022-10-31T17:00:00-00:00,1,2022-10-31,10,0,DAM,AVA,Demand Forecast Day Ahead,SYS_FCST_DA_MW,2.8,1270.39,DAM,1
2022-10-31T14:00:00-00:00,2022-10-31T15:00:00-00:00,1,2022-10-31,8,0,DAM,AVA,Demand Forecast Day Ahead,SYS_FCST_DA_MW,2.8,1232.38,DAM,1
2022-11-01T03:00:00-00:00,2022-11-01T04:00:00-00:00,1,2022-10-31,21,0,DAM,AVA,Demand Forecast Day Ahead,SYS_FCST_DA_MW,2.8,1181.4,DAM,1
2022-10-31T23:00:00-00:00,2022-11-01T00:00:00-00:00,1,2022-10-31,17,0,DAM,AVA,Demand Forecast Day Ahead,SYS_FCST_DA_MW,2.8,1218.59,DAM,1
2022-10-31T19:00:00-00:00,2022-10-31T20:00:00-00:00,1,2022-10-31,13,0,DAM,AVA,Demand Forecast Day Ahead,SYS_FCST_DA_MW,2.8,1265.54,DAM,1
2022-10-31T10:00:00-00:00,2022-10-31T11:00:00-00:00,1,2022-10-31,4,0,DAM,AVA,Demand Forecast Day Ahead,SYS_FCST_DA_MW,2.8,829.79,DAM,1
2022-11-01T05:00:00-00:00,2022-11-01T06:00:00-00:00,1,2022-10-31,23,0,DAM,AVA,Demand Forecast Day Ahead,SYS_FCST_DA_MW,2.8,1005.22,DAM,1
2022-10-31T21:00:00-00:00,2022-10-31T22:00:00-00:00,1,2022-10-31,15,0,DAM,AVA,Demand Forecast Day Ahead,SYS_FCST_DA_MW,2.8,1229.1,DAM,1
2022-11-01T02:00:00-00:00,2022-11-01T03:00:00-00:00,1,2022-10-31,20,0,DAM,AVA,Demand Forecast Day Ahead,SYS_FCST_DA_MW,2.8,1239.83,DAM,1
2022-11-01T00:00:00-00:00,2022-11-01T01:00:00-00:00,1,2022-10-31,18,0,DAM,AVA,Demand Forecast Day Ahead,SYS_FCST_DA_MW,2.8,1257.31,DAM,1
2022-10-31T12:00:00-00:00,2022-10-31T13:00:00-00:00,1,2022-10-31,6,0,DAM,AVA,Demand Forecast Day Ahead,SYS_FCST_DA_MW,2.8,987.37,DAM,1
2022-10-31T08:00:00-00:00,2022-10-31T09:00:00-00:00,1,2022-10-31,2,0,DAM,AVA,Demand Forecast Day Ahead,SYS_FCST_DA_MW,2.8,828.52,DAM,1
2022-11-01T01:00:00-00:00,2022-11-01T02:00:00-00:00,1,2022-10-31,19,0,DAM,AVA,Demand Forecast Day Ahead,SYS_FCST_DA_MW,2.8,1280.68,DAM,1
2022-10-31T22:00:00-00:00,2022-10-31T23:00:00-00:00,1,2022-10-31,16,0,DAM,AVA,Demand Forecast Day Ahead,SYS_FCST_DA_MW,2.8,1209.1,DAM,1
2022-10-31T13:00:00-00:00,2022-10-31T14:00:00-00:00,1,2022-10-31,7,0,DAM,AVA,Demand Forecast Day Ahead,SYS_FCST_DA_MW,2.8,1135.76,DAM,1
2022-10-31T17:00:00-00:00,2022-10-31T18:00:00-00:00,1,2022-10-31,11,0,DAM,AVA,Demand Forecast Day Ahead,SYS_FCST_DA_MW,2.8,1271.3,DAM,1
2022-11-01T06:00:00-00:00,2022-11-01T07:00:00-00:00,1,2022-10-31,24,0,DAM,AVA,Demand Forecast Day Ahead,SYS_FCST_DA_MW,2.8,931.89,DAM,1
2022-11-01T04:00:00-00:00,2022-11-01T05:00:00-00:00,1,2022-10-31,22,0,DAM,AVA,Demand Forecast Day Ahead,SYS_FCST_DA_MW,2.8,1097.52,DAM,1
2022-10-31T20:00:00-00:00,2022-10-31T21:00:00-00:00,1,2022-10-31,14,0,DAM,AVA,Demand Forecast Day Ahead,SYS_FCST_DA_MW,2.8,1249.88,DAM,1
2022-10-31T15:00:00-00:00,2022-10-31T16:00:00-00:00,1,2022-10-31,9,0,DAM,AVA,Demand Forecast Day Ahead,SYS_FCST_DA_MW,2.8,1256.69,DAM,1
2022-10-31T15:00:00-00:00,2022-10-31T16:00:00-00:00,1,2022-10-31,9,0,DAM,AZPS,Demand Forecast Day Ahead,SYS_FCST_DA_MW,2.8,2687.32,DAM,2
2022-10-31T20:00:00-00:00,2022-10-31T21:00:00-00:00,1,2022-10-31,14,0,DAM,AZPS,Demand Forecast Day Ahead,SYS_FCST_DA_MW,2.8,2564.33,DAM,2
2022-10-31T13:00:00-00:00,2022-10-31T14:00:00-00:00,1,2022-10-31,7,0,DAM,AZPS,Demand Forecast Day Ahead,SYS_FCST_DA_MW,2.8,2928.38,DAM,2
2022-10-31T16:00:00-00:00,2022-10-31T17:00:00-00:00,1,2022-10-31,10,0,DAM,AZPS,Demand Forecast Day Ahead,SYS_FCST_DA_MW,2.8,2463.19,DAM,2
2022-10-31T18:00:00-00:00,2022-10-31T19:00:00-00:00,1,2022-10-31,12,0,DAM,AZPS,Demand Forecast Day Ahead,SYS_FCST_DA_MW,2.8,2368.57,DAM,2
2022-10-31T17:00:00-00:00,2022-10-31T18:00:00-00:00,1,2022-10-31,11,0,DAM,AZPS,Demand Forecast Day Ahead,SYS_FCST_DA_MW,2.8,2385.43,DAM,2
2022-10-31T12:00:00-00:00,2022-10-31T13:00:00-00:00,1,2022-10-31,6,0,DAM,AZPS,Demand Forecast Day Ahead,SYS_FCST_DA_MW,2.8,2673.34,DAM,2
2022-10-31T09:00:00-00:00,2022-10-31T10:00:00-00:00,1,2022-10-31,3,0,DAM,AZPS,Demand Forecast Day Ahead,SYS_FCST_DA_MW,2.8,2466.29,DAM,2
2022-10-31T08:00:00-00:00,2022-10-31T09:00:00-00:00,1,2022-10-31,2,0,DAM,AZPS,Demand Forecast Day Ahead,SYS_FCST_DA_MW,2.8,2508.45,DAM,2
2022-11-01T05:00:00-00:00,2022-11-01T06:00:00-00:00,1,2022-10-31,23,0,DAM,AZPS,Demand Forecast Day Ahead,SYS_FCST_DA_MW,2.8,2935.17,DAM,2
2022-11-01T00:00:00-00:00,2022-11-01T01:00:00-00:00,1,2022-10-31,18,0,DAM,AZPS,Demand Forecast Day Ahead,SYS_FCST_DA_MW,2.8,3333.29,DAM,2
2022-11-01T06:00:00-00:00,2022-11-01T07:00:00-00:00,1,2022-10-31,24,0,DAM,AZPS,Demand Forecast Day Ahead,SYS_FCST_DA_MW,2.8,2747.88,DAM,2
2022-10-31T11:00:00-00:00,2022-10-31T12:00:00-00:00,1,2022-10-31,5,0,DAM,AZPS,Demand Forecast Day Ahead,SYS_FCST_DA_MW,2.8,2536.82,DAM,2
2022-10-31T10:00:00-00:00,2022-10-31T11:00:00-00:00,1,2022-10-31,4,0,DAM,AZPS,Demand Forecast Day Ahead,SYS_FCST_DA_MW,2.8,2463.55,DAM,2
2022-11-01T04:00:00-00:00,2022-11-01T05:00:00-00:00,1,2022-10-31,22,0,DAM,AZPS,Demand Forecast Day Ahead,SYS_FCST_DA_MW,2.8,3183.83,DAM,2
2022-10-31T22:00:00-00:00,2022-10-31T23:00:00-00:00,1,2022-10-31,16,0,DAM,AZPS,Demand Forecast Day Ahead,SYS_FCST_DA_MW,2.8,2918.72,DAM,2
2022-11-01T03:00:00-00:00,2022-11-01T04:00:00-00:00,1,2022-10-31,21,0,DAM,AZPS,Demand Forecast Day Ahead,SYS_FCST_DA_MW,2.8,3318.48,DAM,2
2022-11-01T02:00:00-00:00,2022-11-01T03:00:00-00:00,1,2022-10-31,20,0,DAM,AZPS,Demand Forecast Day Ahead,SYS_FCST_DA_MW,2.8,3389.58,DAM,2
2022-10-31T21:00:00-00:00,2022-10-31T22:00:00-00:00,1,2022-10-31,15,0,DAM,AZPS,Demand Forecast Day Ahead,SYS_FCST_DA_MW,2.8,2733.05,DAM,2
2022-11-01T01:00:00-00:00,2022-11-01T02:00:00-00:00,1,2022-10-31,19,0,DAM,AZPS,Demand Forecast Day Ahead,SYS_FCST_DA_MW,2.8,3450.86,DAM,2
2022-10-31T23:00:00-00:00,2022-11-01T00:00:00-00:00,1,2022-10-31,17,0,DAM,AZPS,Demand Forecast Day Ahead,SYS_FCST_DA_MW,2.8,3132.55,DAM,2
2022-10-31T14:00:00-00:00,2022-10-31T15:00:00-00:00,1,2022-10-31,8,0,DAM,AZPS,Demand Forecast Day Ahead,SYS_FCST_DA_MW,2.8,2910.55,DAM,2
2022-10-31T19:00:00-00:00,2022-10-31T20:00:00-00:00,1,2022-10-31,13,0,DAM,AZPS,Demand Forecast Day Ahead,SYS_FCST_DA_MW,2.8,2448.7,DAM,2
2022-10-31T14:00:00-00:00,2022-10-31T15:00:00-00:00,1,2022-10-31,8,0,DAM,BANC,Demand Forecast Day Ahead,SYS_FCST_DA_MW,2.8,1648.73,DAM,3
2022-11-01T03:00:00-00:00,2022-11-01T04:00:00-00:00,1,2022-10-31,21,0,DAM,BANC,Demand Forecast Day Ahead,SYS_FCST_DA_MW,2.8,1765.94,DAM,3
2022-10-31T22:00:00-00:00,2022-10-31T23:00:00-00:00,1,2022-10-31,16,0,DAM,BANC,Demand Forecast Day Ahead,SYS_FCST_DA_MW,2.8,1711.98,DAM,3
2022-10-31T18:00:00-00:00,2022-10-31T19:00:00-00:00,1,2022-10-31,12,0,DAM,BANC,Demand Forecast Day Ahead,SYS_FCST_DA_MW,2.8,1708.69,DAM,3
2022-10-31T09:00:00-00:00,2022-10-31T10:00:00-00:00,1,2022-10-31,3,0,DAM,BANC,Demand Forecast Day Ahead,SYS_FCST_DA_MW,2.8,1260.12,DAM,3
2022-10-31T19:00:00-00:00,2022-10-31T20:00:00-00:00,1,2022-10-31,13,0,DAM,BANC,Demand Forecast Day Ahead,SYS_FCST_DA_MW,2.8,1697.03,DAM,3
2022-10-31T12:00:00-00:00,2022-10-31T13:00:00-00:00,1,2022-10-31,6,0,DAM,BANC,Demand Forecast Day Ahead,SYS_FCST_DA_MW,2.8,1383.73,DAM,3
2022-10-31T10:00:00-00:00,2022-10-31T11:00:00-00:00,1,2022-10-31,4,0,DAM,BANC,Demand Forecast Day Ahead,SYS_FCST_DA_MW,2.8,1255.97,DAM,3
2022-11-01T01:00:00-00:00,2022-11-01T02:00:00-00:00,1,2022-10-31,19,0,DAM,BANC,Demand Forecast Day Ahead,SYS_FCST_DA_MW,2.8,1800.61,DAM,3
2022-10-31T23:00:00-00:00,2022-11-01T00:00:00-00:00,1,2022-10-31,17,0,DAM,BANC,Demand Forecast Day Ahead,SYS_FCST_DA_MW,2.8,1731.53,DAM,3
2022-10-31T08:00:00-00:00,2022-10-31T09:00:00-00:00,1,2022-10-31,2,0,DAM,BANC,Demand Forecast Day Ahead,SYS_FCST_DA_MW,2.8,1288.57,DAM,3
2022-10-31T13:00:00-00:00,2022-10-31T14:00:00-00:00,1,2022-10-31,7,0,DAM,BANC,Demand Forecast Day Ahead,SYS_FCST_DA_MW,2.8,1543.39,DAM,3
2022-10-31T20:00:00-00:00,2022-10-31T21:00:00-00:00,1,2022-10-31,14,0,DAM,BANC,Demand Forecast Day Ahead,SYS_FCST_DA_MW,2.8,1695.5,DAM,3
2022-10-31T16:00:00-00:00,2022-10-31T17:00:00-00:00,1,2022-10-31,10,0,DAM,BANC,Demand Forecast Day Ahead,SYS_FCST_DA_MW,2.8,1688.27,DAM,3
2022-11-01T05:00:00-00:00,2022-11-01T06:00:00-00:00,1,2022-10-31,23,0,DAM,BANC,Demand Forecast Day Ahead,SYS_FCST_DA_MW,2.8,1557.86,DAM,3
2022-11-01T02:00:00-00:00,2022-11-01T03:00:00-00:00,1,2022-10-31,20,0,DAM,BANC,Demand Forecast Day Ahead,SYS_FCST_DA_MW,2.8,1825.05,DAM,3
2022-11-01T00:00:00-00:00,2022-11-01T01:00:00-00:00,1,2022-10-31,18,0,DAM,BANC,Demand Forecast Day Ahead,SYS_FCST_DA_MW,2.8,1741.8,DAM,3
2022-10-31T21:00:00-00:00,2022-10-31T22:00:00-00:00,1,2022-10-31,15,0,DAM,BANC,Demand Forecast Day Ahead,SYS_FCST_DA_MW,2.8,1699.75,DAM,3
2022-10-31T11:00:00-00:00,2022-10-31T12:00:00-00:00,1,2022-10-31,5,0,DAM,BANC,Demand Forecast Day Ahead,SYS_FCST_DA_MW,2.8,1291.7,DAM,3
2022-11-01T06:00:00-00:00,2022-11-01T07:00:00-00:00,1,2022-10-31,24,0,DAM,BANC,Demand Forecast Day Ahead,SYS_FCST_DA_MW,2.8,1449.89,DAM,3
2022-11-01T04:00:00-00:00,2022-11-01T05:00:00-00:00,1,2022-10-31,22,0,DAM,BANC,Demand Forecast Day Ahead,SYS_FCST_DA_MW,2.8,1674.45,DAM,3
2022-10-31T17:00:00-00:00,2022-10-31T18:00:00-00:00,1,2022-10-31,11,0,DAM,BANC,Demand Forecast Day Ahead,SYS_FCST_DA_MW,2.8,1701.61,DAM,3
2022-10-31T15:00:00-00:00,2022-10-31T16:00:00-00:00,1,2022-10-31,9,0,DAM,BANC,Demand Forecast Day Ahead,SYS_FCST_DA_MW,2.8,1674.85,DAM,3
2022-10-31T08:00:00-00:00,2022-10-31T09:00:00-00:00,1,2022-10-31,2,0,DAM,BANCMID,Demand Forecast Day Ahead,SYS_FCST_DA_MW,2.8,217.32,DAM,4
2022-10-31T12:00:00-00:00,2022-10-31T13:00:00-00:00,1,2022-10-31,6,0,DAM,BANCMID,Demand Forecast Day Ahead,SYS_FCST_DA_MW,2.8,230.5,DAM,4
2022-10-31T21:00:00-00:00,2022-10-31T22:00:00-00:00,1,2022-10-31,15,0,DAM,BANCMID,Demand Forecast Day Ahead,SYS_FCST_DA_MW,2.8,281.52,DAM,4
2022-11-01T05:00:00-00:00,2022-11-01T06:00:00-00:00,1,2022-10-31,23,0,DAM,BANCMID,Demand Forecast Day Ahead,SYS_FCST_DA_MW,2.8,269.42,DAM,4
2022-10-31T18:00:00-00:00,2022-10-31T19:00:00-00:00,1,2022-10-31,12,0,DAM,BANCMID,Demand Forecast Day Ahead,SYS_FCST_DA_MW,2.8,276.01,DAM,4
2022-11-01T00:00:00-00:00,2022-11-01T01:00:00-00:00,1,2022-10-31,18,0,DAM,BANCMID,Demand Forecast Day Ahead,SYS_FCST_DA_MW,2.8,296.25,DAM,4
2022-10-31T22:00:00-00:00,2022-10-31T23:00:00-00:00,1,2022-10-31,16,0,DAM,BANCMID,Demand Forecast Day Ahead,SYS_FCST_DA_MW,2.8,283.21,DAM,4
2022-11-01T04:00:00-00:00,2022-11-01T05:00:00-00:00,1,2022-10-31,22,0,DAM,BANCMID,Demand Forecast Day Ahead,SYS_FCST_DA_MW,2.8,286.57,DAM,4
2022-10-31T20:00:00-00:00,2022-10-31T21:00:00-00:00,1,2022-10-31,14,0,DAM,BANCMID,Demand Forecast Day Ahead,SYS_FCST_DA_MW,2.8,278.3,DAM,4
2022-10-31T19:00:00-00:00,2022-10-31T20:00:00-00:00,1,2022-10-31,13,0,DAM,BANCMID,Demand Forecast Day Ahead,SYS_FCST_DA_MW,2.8,275.74,DAM,4
2022-11-01T02:00:00-00:00,2022-11-01T03:00:00-00:00,1,2022-10-31,20,0,DAM,BANCMID,Demand Forecast Day Ahead,SYS_FCST_DA_MW,2.8,308.57,DAM,4
2022-10-31T15:00:00-00:00,2022-10-31T16:00:00-00:00,1,2022-10-31,9,0,DAM,BANCMID,Demand Forecast Day Ahead,SYS_FCST_DA_MW,2.8,276.65,DAM,4
2022-10-31T14:00:00-00:00,2022-10-31T15:00:00-00:00,1,2022-10-31,8,0,DAM,BANCMID,Demand Forecast Day Ahead,SYS_FCST_DA_MW,2.8,270.25,DAM,4
2022-11-01T03:00:00-00:00,2022-11-01T04:00:00-00:00,1,2022-10-31,21,0,DAM,BANCMID,Demand Forecast Day Ahead,SYS_FCST_DA_MW,2.8,298.22,DAM,4
2022-10-31T16:00:00-00:00,2022-10-31T17:00:00-00:00,1,2022-10-31,10,0,DAM,BANCMID,Demand Forecast Day Ahead,SYS_FCST_DA_MW,2.8,276.85,DAM,4
2022-10-31T13:00:00-00:00,2022-10-31T14:00:00-00:00,1,2022-10-31,7,0,DAM,BANCMID,Demand Forecast Day Ahead,SYS_FCST_DA_MW,2.8,252.91,DAM,4
2022-10-31T09:00:00-00:00,2022-10-31T10:00:00-00:00,1,2022-10-31,3,0,DAM,BANCMID,Demand Forecast Day Ahead,SYS_FCST_DA_MW,2.8,213.68,DAM,4
2022-10-31T17:00:00-00:00,2022-10-31T18:00:00-00:00,1,2022-10-31,11,0,DAM,BANCMID,Demand Forecast Day Ahead,SYS_FCST_DA_MW,2.8,278.14,DAM,4
2022-11-01T01:00:00-00:00,2022-11-01T02:00:00-00:00,1,2022-10-31,19,0,DAM,BANCMID,Demand Forecast Day Ahead,SYS_FCST_DA_MW,2.8,307.25,DAM,4
2022-10-31T11:00:00-00:00,2022-10-31T12:00:00-00:00,1,2022-10-31,5,0,DAM,BANCMID,Demand Forecast Day Ahead,SYS_FCST_DA_MW,2.8,216.99,DAM,4
2022-11-01T06:00:00-00:00,2022-11-01T07:00:00-00:00,1,2022-10-31,24,0,DAM,BANCMID,Demand Forecast Day Ahead,SYS_FCST_DA_MW,2.8,253.73,DAM,4
2022-10-31T10:00:00-00:00,2022-10-31T11:00:00-00:00,1,2022-10-31,4,0,DAM,BANCMID,Demand Forecast Day Ahead,SYS_FCST_DA_MW,2.8,213.46,DAM,4
2022-10-31T23:00:00-00:00,2022-11-01T00:00:00-00:00,1,2022-10-31,17,0,DAM,BANCMID,Demand Forecast Day Ahead,SYS_FCST_DA_MW,2.8,288.34,DAM,4
2022-10-31T21:00:00-00:00,2022-10-31T22:00:00-00:00,1,2022-10-31,15,0,DAM,BANCRDNG,Demand Forecast Day Ahead,SYS_FCST_DA_MW,2.8,97.34,DAM,5
2022-10-31T22:00:00-00:00,2022-10-31T23:00:00-00:00,1,2022-10-31,16,0,DAM,BANCRDNG,Demand Forecast Day Ahead,SYS_FCST_DA_MW,2.8,98.55,DAM,5
2022-11-01T03:00:00-00:00,2022-11-01T04:00:00-00:00,1,2022-10-31,21,0,DAM,BANCRDNG,Demand Forecast Day Ahead,SYS_FCST_DA_MW,2.8,100.47,DAM,5
2022-10-31T12:00:00-00:00,2022-10-31T13:00:00-00:00,1,2022-10-31,6,0,DAM,BANCRDNG,Demand Forecast Day Ahead,SYS_FCST_DA_MW,2.8,80.51,DAM,5
2022-10-31T13:00:00-00:00,2022-10-31T14:00:00-00:00,1,2022-10-31,7,0,DAM,BANCRDNG,Demand Forecast Day Ahead,SYS_FCST_DA_MW,2.8,91.31,DAM,5
2022-10-31T20:00:00-00:00,2022-10-31T21:00:00-00:00,1,2022-10-31,14,0,DAM,BANCRDNG,Demand Forecast Day Ahead,SYS_FCST_DA_MW,2.8,96.83,DAM,5
2022-11-01T05:00:00-00:00,2022-11-01T06:00:00-00:00,1,2022-10-31,23,0,DAM,BANCRDNG,Demand Forecast Day Ahead,SYS_FCST_DA_MW,2.8,87.01,DAM,5
2022-10-31T14:00:00-00:00,2022-10-31T15:00:00-00:00,1,2022-10-31,8,0,DAM,BANCRDNG,Demand Forecast Day Ahead,SYS_FCST_DA_MW,2.8,98.9,DAM,5
2022-10-31T15:00:00-00:00,2022-10-31T16:00:00-00:00,1,2022-10-31,9,0,DAM,BANCRDNG,Demand Forecast Day Ahead,SYS_FCST_DA_MW,2.8,100.87,DAM,5
2022-10-31T18:00:00-00:00,2022-10-31T19:00:00-00:00,1,2022-10-31,12,0,DAM,BANCRDNG,Demand Forecast Day Ahead,SYS_FCST_DA_MW,2.8,98.61,DAM,5
2022-10-31T19:00:00-00:00,2022-10-31T20:00:00-00:00,1,2022-10-31,13,0,DAM,BANCRDNG,Demand Forecast Day Ahead,SYS_FCST_DA_MW,2.8,97.76,DAM,5
2022-10-31T16:00:00-00:00,2022-10-31T17:00:00-00:00,1,2022-10-31,10,0,DAM,BANCRDNG,Demand Forecast Day Ahead,SYS_FCST_DA_MW,2.8,100.99,DAM,5
2022-10-31T23:00:00-00:00,2022-11-01T00:00:00-00:00,1,2022-10-31,17,0,DAM,BANCRDNG,Demand Forecast Day Ahead,SYS_FCST_DA_MW,2.8,100,DAM,5
2022-11-01T00:00:00-00:00,2022-11-01T01:00:00-00:00,1,2022-10-31,18,0,DAM,BANCRDNG,Demand Forecast Day Ahead,SYS_FCST_DA_MW,2.8,102.6,DAM,5
2022-11-01T01:00:00-00:00,2022-11-01T02:00:00-00:00,1,2022-10-31,19,0,DAM,BANCRDNG,Demand Forecast Day Ahead,SYS_FCST_DA_MW,2.8,107,DAM,5
2022-11-01T02:00:00-00:00,2022-11-01T03:00:00-00:00,1,2022-10-31,20,0,DAM,BANCRDNG,Demand Forecast Day Ahead,SYS_FCST_DA_MW,2.8,106.09,DAM,5
2022-11-01T06:00:00-00:00,2022-11-01T07:00:00-00:00,1,2022-10-31,24,0,DAM,BANCRDNG,Demand Forecast Day Ahead,SYS_FCST_DA_MW,2.8,81.91,DAM,5
2022-10-31T17:00:00-00:00,2022-10-31T18:00:00-00:00,1,2022-10-31,11,0,DAM,BANCRDNG,Demand Forecast Day Ahead,SYS_FCST_DA_MW,2.8,99.51,DAM,5
2022-10-31T08:00:00-00:00,2022-10-31T09:00:00-00:00,1,2022-10-31,2,0,DAM,BANCRDNG,Demand Forecast Day Ahead,SYS_FCST_DA_MW,2.8,74.75,DAM,5
2022-10-31T09:00:00-00:00,2022-10-31T10:00:00-00:00,1,2022-10-31,3,0,DAM,BANCRDNG,Demand Forecast Day Ahead,SYS_FCST_DA_MW,2.8,73.23,DAM,5
2022-10-31T10:00:00-00:00,2022-10-31T11:00:00-00:00,1,2022-10-31,4,0,DAM,BANCRDNG,Demand Forecast Day Ahead,SYS_FCST_DA_MW,2.8,73.06,DAM,5
2022-10-31T11:00:00-00:00,2022-10-31T12:00:00-00:00,1,2022-10-31,5,0,DAM,BANCRDNG,Demand Forecast Day Ahead,SYS_FCST_DA_MW,2.8,75.01,DAM,5
2022-11-01T04:00:00-00:00,2022-11-01T05:00:00-00:00,1,2022-10-31,22,0,DAM,BANCRDNG,Demand Forecast Day Ahead,SYS_FCST_DA_MW,2.8,93.51,DAM,5
2022-11-01T00:00:00-00:00,2022-11-01T01:00:00-00:00,1,2022-10-31,18,0,DAM,BANCRSVL,Demand Forecast Day Ahead,SYS_FCST_DA_MW,2.8,125.24,DAM,6
2022-10-31T18:00:00-00:00,2022-10-31T19:00:00-00:00,1,2022-10-31,12,0,DAM,BANCRSVL,Demand Forecast Day Ahead,SYS_FCST_DA_MW,2.8,120.88,DAM,6
2022-11-01T01:00:00-00:00,2022-11-01T02:00:00-00:00,1,2022-10-31,19,0,DAM,BANCRSVL,Demand Forecast Day Ahead,SYS_FCST_DA_MW,2.8,130.77,DAM,6
2022-10-31T14:00:00-00:00,2022-10-31T15:00:00-00:00,1,2022-10-31,8,0,DAM,BANCRSVL,Demand Forecast Day Ahead,SYS_FCST_DA_MW,2.8,115.97,DAM,6
2022-10-31T16:00:00-00:00,2022-10-31T17:00:00-00:00,1,2022-10-31,10,0,DAM,BANCRSVL,Demand Forecast Day Ahead,SYS_FCST_DA_MW,2.8,120.36,DAM,6
2022-10-31T20:00:00-00:00,2022-10-31T21:00:00-00:00,1,2022-10-31,14,0,DAM,BANCRSVL,Demand Forecast Day Ahead,SYS_FCST_DA_MW,2.8,119.51,DAM,6
2022-10-31T10:00:00-00:00,2022-10-31T11:00:00-00:00,1,2022-10-31,4,0,DAM,BANCRSVL,Demand Forecast Day Ahead,SYS_FCST_DA_MW,2.8,87.86,DAM,6
2022-11-01T03:00:00-00:00,2022-11-01T04:00:00-00:00,1,2022-10-31,21,0,DAM,BANCRSVL,Demand Forecast Day Ahead,SYS_FCST_DA_MW,2.8,123.24,DAM,6
2022-10-31T12:00:00-00:00,2022-10-31T13:00:00-00:00,1,2022-10-31,6,0,DAM,BANCRSVL,Demand Forecast Day Ahead,SYS_FCST_DA_MW,2.8,95.5,DAM,6
2022-10-31T15:00:00-00:00,2022-10-31T16:00:00-00:00,1,2022-10-31,9,0,DAM,BANCRSVL,Demand Forecast Day Ahead,SYS_FCST_DA_MW,2.8,118.59,DAM,6
2022-10-31T19:00:00-00:00,2022-10-31T20:00:00-00:00,1,2022-10-31,13,0,DAM,BANCRSVL,Demand Forecast Day Ahead,SYS_FCST_DA_MW,2.8,120.29,DAM,6
2022-10-31T21:00:00-00:00,2022-10-31T22:00:00-00:00,1,2022-10-31,15,0,DAM,BANCRSVL,Demand Forecast Day Ahead,SYS_FCST_DA_MW,2.8,119.7,DAM,6
2022-10-31T23:00:00-00:00,2022-11-01T00:00:00-00:00,1,2022-10-31,17,0,DAM,BANCRSVL,Demand Forecast Day Ahead,SYS_FCST_DA_MW,2.8,122.17,DAM,6
2022-10-31T08:00:00-00:00,2022-10-31T09:00:00-00:00,1,2022-10-31,2,0,DAM,BANCRSVL,Demand Forecast Day Ahead,SYS_FCST_DA_MW,2.8,90.53,DAM,6
2022-10-31T11:00:00-00:00,2022-10-31T12:00:00-00:00,1,2022-10-31,5,0,DAM,BANCRSVL,Demand Forecast Day Ahead,SYS_FCST_DA_MW,2.8,89.93,DAM,6
2022-10-31T13:00:00-00:00,2022-10-31T14:00:00-00:00,1,2022-10-31,7,0,DAM,BANCRSVL,Demand Forecast Day Ahead,SYS_FCST_DA_MW,2.8,106.61,DAM,6
2022-10-31T22:00:00-00:00,2022-10-31T23:00:00-00:00,1,2022-10-31,16,0,DAM,BANCRSVL,Demand Forecast Day Ahead,SYS_FCST_DA_MW,2.8,120.14,DAM,6
2022-11-01T02:00:00-00:00,2022-11-01T03:00:00-00:00,1,2022-10-31,20,0,DAM,BANCRSVL,Demand Forecast Day Ahead,SYS_FCST_DA_MW,2.8,129.25,DAM,6
2022-11-01T05:00:00-00:00,2022-11-01T06:00:00-00:00,1,2022-10-31,23,0,DAM,BANCRSVL,Demand Forecast Day Ahead,SYS_FCST_DA_MW,2.8,104.95,DAM,6
2022-11-01T04:00:00-00:00,2022-11-01T05:00:00-00:00,1,2022-10-31,22,0,DAM,BANCRSVL,Demand Forecast Day Ahead,SYS_FCST_DA_MW,2.8,114.68,DAM,6
2022-11-01T06:00:00-00:00,2022-11-01T07:00:00-00:00,1,2022-10-31,24,0,DAM,BANCRSVL,Demand Forecast Day Ahead,SYS_FCST_DA_MW,2.8,97.02,DAM,6
2022-10-31T09:00:00-00:00,2022-10-31T10:00:00-00:00,1,2022-10-31,3,0,DAM,BANCRSVL,Demand Forecast Day Ahead,SYS_FCST_DA_MW,2.8,88.29,DAM,6
2022-10-31T17:00:00-00:00,2022-10-31T18:00:00-00:00,1,2022-10-31,11,0,DAM,BANCRSVL,Demand Forecast Day Ahead,SYS_FCST_DA_MW,2.8,121.12,DAM,6
2022-10-31T18:00:00-00:00,2022-10-31T19:00:00-00:00,1,2022-10-31,12,0,DAM,BANCSMUD,Demand Forecast Day Ahead,SYS_FCST_DA_MW,2.8,1168.43,DAM,7
2022-10-31T08:00:00-00:00,2022-10-31T09:00:00-00:00,1,2022-10-31,2,0,DAM,BANCSMUD,Demand Forecast Day Ahead,SYS_FCST_DA_MW,2.8,870.05,DAM,7
2022-10-31T09:00:00-00:00,2022-10-31T10:00:00-00:00,1,2022-10-31,3,0,DAM,BANCSMUD,Demand Forecast Day Ahead,SYS_FCST_DA_MW,2.8,849.1,DAM,7
2022-10-31T19:00:00-00:00,2022-10-31T20:00:00-00:00,1,2022-10-31,13,0,DAM,BANCSMUD,Demand Forecast Day Ahead,SYS_FCST_DA_MW,2.8,1162.27,DAM,7
2022-11-01T02:00:00-00:00,2022-11-01T03:00:00-00:00,1,2022-10-31,20,0,DAM,BANCSMUD,Demand Forecast Day Ahead,SYS_FCST_DA_MW,2.8,1227.93,DAM,7
2022-11-01T04:00:00-00:00,2022-11-01T05:00:00-00:00,1,2022-10-31,22,0,DAM,BANCSMUD,Demand Forecast Day Ahead,SYS_FCST_DA_MW,2.8,1131.47,DAM,7
2022-10-31T10:00:00-00:00,2022-10-31T11:00:00-00:00,1,2022-10-31,4,0,DAM,BANCSMUD,Demand Forecast Day Ahead,SYS_FCST_DA_MW,2.8,845.43,DAM,7
2022-10-31T21:00:00-00:00,2022-10-31T22:00:00-00:00,1,2022-10-31,15,0,DAM,BANCSMUD,Demand Forecast Day Ahead,SYS_FCST_DA_MW,2.8,1162.21,DAM,7
2022-10-31T12:00:00-00:00,2022-10-31T13:00:00-00:00,1,2022-10-31,6,0,DAM,BANCSMUD,Demand Forecast Day Ahead,SYS_FCST_DA_MW,2.8,936.42,DAM,7
2022-10-31T14:00:00-00:00,2022-10-31T15:00:00-00:00,1,2022-10-31,8,0,DAM,BANCSMUD,Demand Forecast Day Ahead,SYS_FCST_DA_MW,2.8,1121.66,DAM,7
2022-10-31T23:00:00-00:00,2022-11-01T00:00:00-00:00,1,2022-10-31,17,0,DAM,BANCSMUD,Demand Forecast Day Ahead,SYS_FCST_DA_MW,2.8,1174.19,DAM,7
2022-10-31T15:00:00-00:00,2022-10-31T16:00:00-00:00,1,2022-10-31,9,0,DAM,BANCSMUD,Demand Forecast Day Ahead,SYS_FCST_DA_MW,2.8,1135.07,DAM,7
2022-10-31T17:00:00-00:00,2022-10-31T18:00:00-00:00,1,2022-10-31,11,0,DAM,BANCSMUD,Demand Forecast Day Ahead,SYS_FCST_DA_MW,2.8,1159.58,DAM,7
2022-10-31T13:00:00-00:00,2022-10-31T14:00:00-00:00,1,2022-10-31,7,0,DAM,BANCSMUD,Demand Forecast Day Ahead,SYS_FCST_DA_MW,2.8,1049.19,DAM,7
2022-10-31T22:00:00-00:00,2022-10-31T23:00:00-00:00,1,2022-10-31,16,0,DAM,BANCSMUD,Demand Forecast Day Ahead,SYS_FCST_DA_MW,2.8,1169.31,DAM,7
2022-11-01T01:00:00-00:00,2022-11-01T02:00:00-00:00,1,2022-10-31,19,0,DAM,BANCSMUD,Demand Forecast Day Ahead,SYS_FCST_DA_MW,2.8,1201.77,DAM,7
2022-10-31T11:00:00-00:00,2022-10-31T12:00:00-00:00,1,2022-10-31,5,0,DAM,BANCSMUD,Demand Forecast Day Ahead,SYS_FCST_DA_MW,2.8,872.52,DAM,7
2022-10-31T16:00:00-00:00,2022-10-31T17:00:00-00:00,1,2022-10-31,10,0,DAM,BANCSMUD,Demand Forecast Day Ahead,SYS_FCST_DA_MW,2.8,1147.88,DAM,7
2022-11-01T00:00:00-00:00,2022-11-01T01:00:00-00:00,1,2022-10-31,18,0,DAM,BANCSMUD,Demand Forecast Day Ahead,SYS_FCST_DA_MW,2.8,1167.9,DAM,7
2022-11-01T05:00:00-00:00,2022-11-01T06:00:00-00:00,1,2022-10-31,23,0,DAM,BANCSMUD,Demand Forecast Day Ahead,SYS_FCST_DA_MW,2.8,1050.46,DAM,7
2022-10-31T20:00:00-00:00,2022-10-31T21:00:00-00:00,1,2022-10-31,14,0,DAM,BANCSMUD,Demand Forecast Day Ahead,SYS_FCST_DA_MW,2.8,1160.9,DAM,7
2022-11-01T03:00:00-00:00,2022-11-01T04:00:00-00:00,1,2022-10-31,21,0,DAM,BANCSMUD,Demand Forecast Day Ahead,SYS_FCST_DA_MW,2.8,1193.25,DAM,7
2022-11-01T06:00:00-00:00,2022-11-01T07:00:00-00:00,1,2022-10-31,24,0,DAM,BANCSMUD,Demand Forecast Day Ahead,SYS_FCST_DA_MW,2.8,973.55,DAM,7
2022-11-01T00:00:00-00:00,2022-11-01T01:00:00-00:00,1,2022-10-31,18,0,DAM,BANCWASN,Demand Forecast Day Ahead,SYS_FCST_DA_MW,2.8,32.81,DAM,8
2022-10-31T12:00:00-00:00,2022-10-31T13:00:00-00:00,1,2022-10-31,6,0,DAM,BANCWASN,Demand Forecast Day Ahead,SYS_FCST_DA_MW,2.8,30.81,DAM,8
2022-10-31T15:00:00-00:00,2022-10-31T16:00:00-00:00,1,2022-10-31,9,0,DAM,BANCWASN,Demand Forecast Day Ahead,SYS_FCST_DA_MW,2.8,35.67,DAM,8
2022-11-01T02:00:00-00:00,2022-11-01T03:00:00-00:00,1,2022-10-31,20,0,DAM,BANCWASN,Demand Forecast Day Ahead,SYS_FCST_DA_MW,2.8,33.21,DAM,8
2022-11-01T04:00:00-00:00,2022-11-01T05:00:00-00:00,1,2022-10-31,22,0,DAM,BANCWASN,Demand Forecast Day Ahead,SYS_FCST_DA_MW,2.8,33.23,DAM,8
2022-11-01T06:00:00-00:00,2022-11-01T07:00:00-00:00,1,2022-10-31,24,0,DAM,BANCWASN,Demand Forecast Day Ahead,SYS_FCST_DA_MW,2.8,31.67,DAM,8
2022-10-31T17:00:00-00:00,2022-10-31T18:00:00-00:00,1,2022-10-31,11,0,DAM,BANCWASN,Demand Forecast Day Ahead,SYS_FCST_DA_MW,2.8,33.27,DAM,8
2022-10-31T19:00:00-00:00,2022-10-31T20:00:00-00:00,1,2022-10-31,13,0,DAM,BANCWASN,Demand Forecast Day Ahead,SYS_FCST_DA_MW,2.8,31.95,DAM,8
2022-10-31T21:00:00-00:00,2022-10-31T22:00:00-00:00,1,2022-10-31,15,0,DAM,BANCWASN,Demand Forecast Day Ahead,SYS_FCST_DA_MW,2.8,30.98,DAM,8
2022-11-01T03:00:00-00:00,2022-11-01T04:00:00-00:00,1,2022-10-31,21,0,DAM,BANCWASN,Demand Forecast Day Ahead,SYS_FCST_DA_MW,2.8,32.76,DAM,8
2022-10-31T20:00:00-00:00,2022-10-31T21:00:00-00:00,1,2022-10-31,14,0,DAM,BANCWASN,Demand Forecast Day Ahead,SYS_FCST_DA_MW,2.8,31.96,DAM,8
2022-11-01T05:00:00-00:00,2022-11-01T06:00:00-00:00,1,2022-10-31,23,0,DAM,BANCWASN,Demand Forecast Day Ahead,SYS_FCST_DA_MW,2.8,32.02,DAM,8
2022-10-31T10:00:00-00:00,2022-10-31T11:00:00-00:00,1,2022-10-31,4,0,DAM,BANCWASN,Demand Forecast Day Ahead,SYS_FCST_DA_MW,2.8,28.16,DAM,8
2022-10-31T11:00:00-00:00,2022-10-31T12:00:00-00:00,1,2022-10-31,5,0,DAM,BANCWASN,Demand Forecast Day Ahead,SYS_FCST_DA_MW,2.8,29.25,DAM,8
2022-10-31T14:00:00-00:00,2022-10-31T15:00:00-00:00,1,2022-10-31,8,0,DAM,BANCWASN,Demand Forecast Day Ahead,SYS_FCST_DA_MW,2.8,33.96,DAM,8
2022-10-31T08:00:00-00:00,2022-10-31T09:00:00-00:00,1,2022-10-31,2,0,DAM,BANCWASN,Demand Forecast Day Ahead,SYS_FCST_DA_MW,2.8,27.93,DAM,8
2022-10-31T09:00:00-00:00,2022-10-31T10:00:00-00:00,1,2022-10-31,3,0,DAM,BANCWASN,Demand Forecast Day Ahead,SYS_FCST_DA_MW,2.8,27.82,DAM,8
2022-10-31T13:00:00-00:00,2022-10-31T14:00:00-00:00,1,2022-10-31,7,0,DAM,BANCWASN,Demand Forecast Day Ahead,SYS_FCST_DA_MW,2.8,32.38,DAM,8
2022-10-31T16:00:00-00:00,2022-10-31T17:00:00-00:00,1,2022-10-31,10,0,DAM,BANCWASN,Demand Forecast Day Ahead,SYS_FCST_DA_MW,2.8,34.2,DAM,8
2022-10-31T18:00:00-00:00,2022-10-31T19:00:00-00:00,1,2022-10-31,12,0,DAM,BANCWASN,Demand Forecast Day Ahead,SYS_FCST_DA_MW,2.8,32.77,DAM,8
2022-10-31T23:00:00-00:00,2022-11-01T00:00:00-00:00,1,2022-10-31,17,0,DAM,BANCWASN,Demand Forecast Day Ahead,SYS_FCST_DA_MW,2.8,32.83,DAM,8
2022-11-01T01:00:00-00:00,2022-11-01T02:00:00-00:00,1,2022-10-31,19,0,DAM,BANCWASN,Demand Forecast Day Ahead,SYS_FCST_DA_MW,2.8,33.83,DAM,8
2022-10-31T22:00:00-00:00,2022-10-31T23:00:00-00:00,1,2022-10-31,16,0,DAM,BANCWASN,Demand Forecast Day Ahead,SYS_FCST_DA_MW,2.8,30.76,DAM,8
2022-11-01T03:00:00-00:00,2022-11-01T04:00:00-00:00,1,2022-10-31,21,0,DAM,BPAT,Demand Forecast Day Ahead,SYS_FCST_DA_MW,2.8,6443.15,DAM,9
2022-11-01T04:00:00-00:00,2022-11-01T05:00:00-00:00,1,2022-10-31,22,0,DAM,BPAT,Demand Forecast Day Ahead,SYS_FCST_DA_MW,2.8,6120.2,DAM,9
2022-10-31T20:00:00-00:00,2022-10-31T21:00:00-00:00,1,2022-10-31,14,0,DAM,BPAT,Demand Forecast Day Ahead,SYS_FCST_DA_MW,2.8,6251.68,DAM,9
2022-11-01T05:00:00-00:00,2022-11-01T06:00:00-00:00,1,2022-10-31,23,0,DAM,BPAT,Demand Forecast Day Ahead,SYS_FCST_DA_MW,2.8,5742.15,DAM,9
2022-10-31T13:00:00-00:00,2022-10-31T14:00:00-00:00,1,2022-10-31,7,0,DAM,BPAT,Demand Forecast Day Ahead,SYS_FCST_DA_MW,2.8,5785.04,DAM,9
2022-11-01T01:00:00-00:00,2022-11-01T02:00:00-00:00,1,2022-10-31,19,0,DAM,BPAT,Demand Forecast Day Ahead,SYS_FCST_DA_MW,2.8,6648.1,DAM,9
2022-10-31T08:00:00-00:00,2022-10-31T09:00:00-00:00,1,2022-10-31,2,0,DAM,BPAT,Demand Forecast Day Ahead,SYS_FCST_DA_MW,2.8,4657.29,DAM,9
2022-10-31T09:00:00-00:00,2022-10-31T10:00:00-00:00,1,2022-10-31,3,0,DAM,BPAT,Demand Forecast Day Ahead,SYS_FCST_DA_MW,2.8,4611.41,DAM,9
2022-10-31T21:00:00-00:00,2022-10-31T22:00:00-00:00,1,2022-10-31,15,0,DAM,BPAT,Demand Forecast Day Ahead,SYS_FCST_DA_MW,2.8,6194.71,DAM,9
2022-10-31T22:00:00-00:00,2022-10-31T23:00:00-00:00,1,2022-10-31,16,0,DAM,BPAT,Demand Forecast Day Ahead,SYS_FCST_DA_MW,2.8,6172.51,DAM,9
2022-11-01T00:00:00-00:00,2022-11-01T01:00:00-00:00,1,2022-10-31,18,0,DAM,BPAT,Demand Forecast Day Ahead,SYS_FCST_DA_MW,2.8,6468.47,DAM,9
2022-10-31T18:00:00-00:00,2022-10-31T19:00:00-00:00,1,2022-10-31,12,0,DAM,BPAT,Demand Forecast Day Ahead,SYS_FCST_DA_MW,2.8,6325.56,DAM,9
2022-11-01T02:00:00-00:00,2022-11-01T03:00:00-00:00,1,2022-10-31,20,0,DAM,BPAT,Demand Forecast Day Ahead,SYS_FCST_DA_MW,2.8,6650.22,DAM,9
2022-10-31T10:00:00-00:00,2022-10-31T11:00:00-00:00,1,2022-10-31,4,0,DAM,BPAT,Demand Forecast Day Ahead,SYS_FCST_DA_MW,2.8,4640.85,DAM,9
2022-10-31T14:00:00-00:00,2022-10-31T15:00:00-00:00,1,2022-10-31,8,0,DAM,BPAT,Demand Forecast Day Ahead,SYS_FCST_DA_MW,2.8,6142.49,DAM,9
2022-10-31T16:00:00-00:00,2022-10-31T17:00:00-00:00,1,2022-10-31,10,0,DAM,BPAT,Demand Forecast Day Ahead,SYS_FCST_DA_MW,2.8,6316.25,DAM,9
2022-10-31T11:00:00-00:00,2022-10-31T12:00:00-00:00,1,2022-10-31,5,0,DAM,BPAT,Demand Forecast Day Ahead,SYS_FCST_DA_MW,2.8,4813.73,DAM,9
2022-10-31T12:00:00-00:00,2022-10-31T13:00:00-00:00,1,2022-10-31,6,0,DAM,BPAT,Demand Forecast Day Ahead,SYS_FCST_DA_MW,2.8,5225.65,DAM,9
2022-10-31T15:00:00-00:00,2022-10-31T16:00:00-00:00,1,2022-10-31,9,0,DAM,BPAT,Demand Forecast Day Ahead,SYS_FCST_DA_MW,2.8,6253.76,DAM,9
2022-10-31T23:00:00-00:00,2022-11-01T00:00:00-00:00,1,2022-10-31,17,0,DAM,BPAT,Demand Forecast Day Ahead,SYS_FCST_DA_MW,2.8,6266.51,DAM,9
2022-10-31T17:00:00-00:00,2022-10-31T18:00:00-00:00,1,2022-10-31,11,0,DAM,BPAT,Demand Forecast Day Ahead,SYS_FCST_DA_MW,2.8,6326.44,DAM,9
2022-10-31T19:00:00-00:00,2022-10-31T20:00:00-00:00,1,2022-10-31,13,0,DAM,BPAT,Demand Forecast Day Ahead,SYS_FCST_DA_MW,2.8,6304.54,DAM,9
2022-11-01T06:00:00-00:00,2022-11-01T07:00:00-00:00,1,2022-10-31,24,0,DAM,BPAT,Demand Forecast Day Ahead,SYS_FCST_DA_MW,2.8,5444.59,DAM,9
2022-10-31T23:00:00-00:00,2022-11-01T00:00:00-00:00,1,2022-10-31,17,0,DAM,CA ISO-TAC,Demand Forecast Day Ahead,SYS_FCST_DA_MW,2,25644.12,DAM,10
2022-11-01T03:00:00-00:00,2022-11-01T04:00:00-00:00,1,2022-10-31,21,0,DAM,CA ISO-TAC,Demand Forecast Day Ahead,SYS_FCST_DA_MW,2,26356.66,DAM,10
2022-11-01T05:00:00-00:00,2022-11-01T06:00:00-00:00,1,2022-10-31,23,0,DAM,CA ISO-TAC,Demand Forecast Day Ahead,SYS_FCST_DA_MW,2,23744.77,DAM,10
2022-10-31T08:00:00-00:00,2022-10-31T09:00:00-00:00,1,2022-10-31,2,0,DAM,CA ISO-TAC,Demand Forecast Day Ahead,SYS_FCST_DA_MW,2,19596.9,DAM,10
2022-10-31T11:00:00-00:00,2022-10-31T12:00:00-00:00,1,2022-10-31,5,0,DAM,CA ISO-TAC,Demand Forecast Day Ahead,SYS_FCST_DA_MW,2,19615.51,DAM,10
2022-10-31T15:00:00-00:00,2022-10-31T16:00:00-00:00,1,2022-10-31,9,0,DAM,CA ISO-TAC,Demand Forecast Day Ahead,SYS_FCST_DA_MW,2,24399.07,DAM,10
2022-10-31T21:00:00-00:00,2022-10-31T22:00:00-00:00,1,2022-10-31,15,0,DAM,CA ISO-TAC,Demand Forecast Day Ahead,SYS_FCST_DA_MW,2,23697.03,DAM,10
2022-11-01T00:00:00-00:00,2022-11-01T01:00:00-00:00,1,2022-10-31,18,0,DAM,CA ISO-TAC,Demand Forecast Day Ahead,SYS_FCST_DA_MW,2,26607.33,DAM,10
2022-10-31T22:00:00-00:00,2022-10-31T23:00:00-00:00,1,2022-10-31,16,0,DAM,CA ISO-TAC,Demand Forecast Day Ahead,SYS_FCST_DA_MW,2,24758.74,DAM,10
2022-11-01T06:00:00-00:00,2022-11-01T07:00:00-00:00,1,2022-10-31,24,0,DAM,CA ISO-TAC,Demand Forecast Day Ahead,SYS_FCST_DA_MW,2,22383.19,DAM,10
2022-10-31T14:00:00-00:00,2022-10-31T15:00:00-00:00,1,2022-10-31,8,0,DAM,CA ISO-TAC,Demand Forecast Day Ahead,SYS_FCST_DA_MW,2,24603.72,DAM,10
2022-11-01T04:00:00-00:00,2022-11-01T05:00:00-00:00,1,2022-10-31,22,0,DAM,CA ISO-TAC,Demand Forecast Day Ahead,SYS_FCST_DA_MW,2,25225.72,DAM,10
2022-10-31T17:00:00-00:00,2022-10-31T18:00:00-00:00,1,2022-10-31,11,0,DAM,CA ISO-TAC,Demand Forecast Day Ahead,SYS_FCST_DA_MW,2,23046.17,DAM,10
2022-10-31T09:00:00-00:00,2022-10-31T10:00:00-00:00,1,2022-10-31,3,0,DAM,CA ISO-TAC,Demand Forecast Day Ahead,SYS_FCST_DA_MW,2,19207.72,DAM,10
2022-10-31T12:00:00-00:00,2022-10-31T13:00:00-00:00,1,2022-10-31,6,0,DAM,CA ISO-TAC,Demand Forecast Day Ahead,SYS_FCST_DA_MW,2,20775.26,DAM,10
2022-10-31T16:00:00-00:00,2022-10-31T17:00:00-00:00,1,2022-10-31,10,0,DAM,CA ISO-TAC,Demand Forecast Day Ahead,SYS_FCST_DA_MW,2,23740.42,DAM,10
2022-10-31T19:00:00-00:00,2022-10-31T20:00:00-00:00,1,2022-10-31,13,0,DAM,CA ISO-TAC,Demand Forecast Day Ahead,SYS_FCST_DA_MW,2,22625.38,DAM,10
2022-10-31T20:00:00-00:00,2022-10-31T21:00:00-00:00,1,2022-10-31,14,0,DAM,CA ISO-TAC,Demand Forecast Day Ahead,SYS_FCST_DA_MW,2,23056.93,DAM,10
2022-10-31T10:00:00-00:00,2022-10-31T11:00:00-00:00,1,2022-10-31,4,0,DAM,CA ISO-TAC,Demand Forecast Day Ahead,SYS_FCST_DA_MW,2,19158.71,DAM,10
2022-10-31T13:00:00-00:00,2022-10-31T14:00:00-00:00,1,2022-10-31,7,0,DAM,CA ISO-TAC,Demand Forecast Day Ahead,SYS_FCST_DA_MW,2,22907.25,DAM,10
2022-10-31T18:00:00-00:00,2022-10-31T19:00:00-00:00,1,2022-10-31,12,0,DAM,CA ISO-TAC,Demand Forecast Day Ahead,SYS_FCST_DA_MW,2,22614.57,DAM,10
2022-11-01T01:00:00-00:00,2022-11-01T02:00:00-00:00,1,2022-10-31,19,0,DAM,CA ISO-TAC,Demand Forecast Day Ahead,SYS_FCST_DA_MW,2,27800.64,DAM,10
2022-11-01T02:00:00-00:00,2022-11-01T03:00:00-00:00,1,2022-10-31,20,0,DAM,CA ISO-TAC,Demand Forecast Day Ahead,SYS_FCST_DA_MW,2,27406.42,DAM,10
2022-10-31T16:00:00-00:00,2022-10-31T17:00:00-00:00,1,2022-10-31,10,0,DAM,IPCO,Demand Forecast Day Ahead,SYS_FCST_DA_MW,2.8,1904.1,DAM,11
2022-10-31T21:00:00-00:00,2022-10-31T22:00:00-00:00,1,2022-10-31,15,0,DAM,IPCO,Demand Forecast Day Ahead,SYS_FCST_DA_MW,2.8,1734.25,DAM,11
2022-11-01T02:00:00-00:00,2022-11-01T03:00:00-00:00,1,2022-10-31,20,0,DAM,IPCO,Demand Forecast Day Ahead,SYS_FCST_DA_MW,2.8,1798.98,DAM,11
2022-11-01T00:00:00-00:00,2022-11-01T01:00:00-00:00,1,2022-10-31,18,0,DAM,IPCO,Demand Forecast Day Ahead,SYS_FCST_DA_MW,2.8,1800.37,DAM,11
2022-11-01T05:00:00-00:00,2022-11-01T06:00:00-00:00,1,2022-10-31,23,0,DAM,IPCO,Demand Forecast Day Ahead,SYS_FCST_DA_MW,2.8,1540.83,DAM,11
2022-10-31T08:00:00-00:00,2022-10-31T09:00:00-00:00,1,2022-10-31,2,0,DAM,IPCO,Demand Forecast Day Ahead,SYS_FCST_DA_MW,2.8,1435.7,DAM,11
2022-10-31T14:00:00-00:00,2022-10-31T15:00:00-00:00,1,2022-10-31,8,0,DAM,IPCO,Demand Forecast Day Ahead,SYS_FCST_DA_MW,2.8,1944.34,DAM,11
2022-10-31T15:00:00-00:00,2022-10-31T16:00:00-00:00,1,2022-10-31,9,0,DAM,IPCO,Demand Forecast Day Ahead,SYS_FCST_DA_MW,2.8,1936.84,DAM,11
2022-10-31T20:00:00-00:00,2022-10-31T21:00:00-00:00,1,2022-10-31,14,0,DAM,IPCO,Demand Forecast Day Ahead,SYS_FCST_DA_MW,2.8,1744.54,DAM,11
2022-11-01T01:00:00-00:00,2022-11-01T02:00:00-00:00,1,2022-10-31,19,0,DAM,IPCO,Demand Forecast Day Ahead,SYS_FCST_DA_MW,2.8,1833.19,DAM,11
2022-10-31T11:00:00-00:00,2022-10-31T12:00:00-00:00,1,2022-10-31,5,0,DAM,IPCO,Demand Forecast Day Ahead,SYS_FCST_DA_MW,2.8,1595.35,DAM,11
2022-10-31T22:00:00-00:00,2022-10-31T23:00:00-00:00,1,2022-10-31,16,0,DAM,IPCO,Demand Forecast Day Ahead,SYS_FCST_DA_MW,2.8,1740.09,DAM,11
2022-11-01T03:00:00-00:00,2022-11-01T04:00:00-00:00,1,2022-10-31,21,0,DAM,IPCO,Demand Forecast Day Ahead,SYS_FCST_DA_MW,2.8,1735.74,DAM,11
2022-10-31T18:00:00-00:00,2022-10-31T19:00:00-00:00,1,2022-10-31,12,0,DAM,IPCO,Demand Forecast Day Ahead,SYS_FCST_DA_MW,2.8,1813.49,DAM,11
2022-10-31T23:00:00-00:00,2022-11-01T00:00:00-00:00,1,2022-10-31,17,0,DAM,IPCO,Demand Forecast Day Ahead,SYS_FCST_DA_MW,2.8,1765.57,DAM,11
2022-11-01T04:00:00-00:00,2022-11-01T05:00:00-00:00,1,2022-10-31,22,0,DAM,IPCO,Demand Forecast Day Ahead,SYS_FCST_DA_MW,2.8,1637.94,DAM,11
2022-11-01T06:00:00-00:00,2022-11-01T07:00:00-00:00,1,2022-10-31,24,0,DAM,IPCO,Demand Forecast Day Ahead,SYS_FCST_DA_MW,2.8,1477.85,DAM,11
2022-10-31T09:00:00-00:00,2022-10-31T10:00:00-00:00,1,2022-10-31,3,0,DAM,IPCO,Demand Forecast Day Ahead,SYS_FCST_DA_MW,2.8,1450.45,DAM,11
2022-10-31T13:00:00-00:00,2022-10-31T14:00:00-00:00,1,2022-10-31,7,0,DAM,IPCO,Demand Forecast Day Ahead,SYS_FCST_DA_MW,2.8,1900.38,DAM,11
2022-10-31T19:00:00-00:00,2022-10-31T20:00:00-00:00,1,2022-10-31,13,0,DAM,IPCO,Demand Forecast Day Ahead,SYS_FCST_DA_MW,2.8,1772.63,DAM,11
2022-10-31T10:00:00-00:00,2022-10-31T11:00:00-00:00,1,2022-10-31,4,0,DAM,IPCO,Demand Forecast Day Ahead,SYS_FCST_DA_MW,2.8,1494.42,DAM,11
2022-10-31T12:00:00-00:00,2022-10-31T13:00:00-00:00,1,2022-10-31,6,0,DAM,IPCO,Demand Forecast Day Ahead,SYS_FCST_DA_MW,2.8,1762.73,DAM,11
2022-10-31T17:00:00-00:00,2022-10-31T18:00:00-00:00,1,2022-10-31,11,0,DAM,IPCO,Demand Forecast Day Ahead,SYS_FCST_DA_MW,2.8,1860.84,DAM,11
2022-10-31T13:00:00-00:00,2022-10-31T14:00:00-00:00,1,2022-10-31,7,0,DAM,LADWP,Demand Forecast Day Ahead,SYS_FCST_DA_MW,2.8,2243.32,DAM,12
2022-11-01T03:00:00-00:00,2022-11-01T04:00:00-00:00,1,2022-10-31,21,0,DAM,LADWP,Demand Forecast Day Ahead,SYS_FCST_DA_MW,2.8,2881.6,DAM,12
2022-10-31T20:00:00-00:00,2022-10-31T21:00:00-00:00,1,2022-10-31,14,0,DAM,LADWP,Demand Forecast Day Ahead,SYS_FCST_DA_MW,2.8,2786.67,DAM,12
2022-11-01T02:00:00-00:00,2022-11-01T03:00:00-00:00,1,2022-10-31,20,0,DAM,LADWP,Demand Forecast Day Ahead,SYS_FCST_DA_MW,2.8,2992.8,DAM,12
2022-11-01T04:00:00-00:00,2022-11-01T05:00:00-00:00,1,2022-10-31,22,0,DAM,LADWP,Demand Forecast Day Ahead,SYS_FCST_DA_MW,2.8,2736.37,DAM,12
2022-10-31T08:00:00-00:00,2022-10-31T09:00:00-00:00,1,2022-10-31,2,0,DAM,LADWP,Demand Forecast Day Ahead,SYS_FCST_DA_MW,2.8,2017.85,DAM,12
2022-11-01T05:00:00-00:00,2022-11-01T06:00:00-00:00,1,2022-10-31,23,0,DAM,LADWP,Demand Forecast Day Ahead,SYS_FCST_DA_MW,2.8,2563.97,DAM,12
2022-10-31T10:00:00-00:00,2022-10-31T11:00:00-00:00,1,2022-10-31,4,0,DAM,LADWP,Demand Forecast Day Ahead,SYS_FCST_DA_MW,2.8,1942.49,DAM,12
2022-10-31T19:00:00-00:00,2022-10-31T20:00:00-00:00,1,2022-10-31,13,0,DAM,LADWP,Demand Forecast Day Ahead,SYS_FCST_DA_MW,2.8,2691.83,DAM,12
2022-10-31T23:00:00-00:00,2022-11-01T00:00:00-00:00,1,2022-10-31,17,0,DAM,LADWP,Demand Forecast Day Ahead,SYS_FCST_DA_MW,2.8,3053.97,DAM,12
2022-11-01T01:00:00-00:00,2022-11-01T02:00:00-00:00,1,2022-10-31,19,0,DAM,LADWP,Demand Forecast Day Ahead,SYS_FCST_DA_MW,2.8,3102.69,DAM,12
2022-11-01T06:00:00-00:00,2022-11-01T07:00:00-00:00,1,2022-10-31,24,0,DAM,LADWP,Demand Forecast Day Ahead,SYS_FCST_DA_MW,2.8,2342.94,DAM,12
2022-10-31T11:00:00-00:00,2022-10-31T12:00:00-00:00,1,2022-10-31,5,0,DAM,LADWP,Demand Forecast Day Ahead,SYS_FCST_DA_MW,2.8,1966.66,DAM,12
2022-10-31T14:00:00-00:00,2022-10-31T15:00:00-00:00,1,2022-10-31,8,0,DAM,LADWP,Demand Forecast Day Ahead,SYS_FCST_DA_MW,2.8,2372.61,DAM,12
2022-10-31T16:00:00-00:00,2022-10-31T17:00:00-00:00,1,2022-10-31,10,0,DAM,LADWP,Demand Forecast Day Ahead,SYS_FCST_DA_MW,2.8,2538.16,DAM,12
2022-10-31T15:00:00-00:00,2022-10-31T16:00:00-00:00,1,2022-10-31,9,0,DAM,LADWP,Demand Forecast Day Ahead,SYS_FCST_DA_MW,2.8,2467.73,DAM,12
2022-10-31T17:00:00-00:00,2022-10-31T18:00:00-00:00,1,2022-10-31,11,0,DAM,LADWP,Demand Forecast Day Ahead,SYS_FCST_DA_MW,2.8,2581.53,DAM,12
2022-10-31T22:00:00-00:00,2022-10-31T23:00:00-00:00,1,2022-10-31,16,0,DAM,LADWP,Demand Forecast Day Ahead,SYS_FCST_DA_MW,2.8,2999.79,DAM,12
2022-10-31T09:00:00-00:00,2022-10-31T10:00:00-00:00,1,2022-10-31,3,0,DAM,LADWP,Demand Forecast Day Ahead,SYS_FCST_DA_MW,2.8,1965.71,DAM,12
2022-10-31T18:00:00-00:00,2022-10-31T19:00:00-00:00,1,2022-10-31,12,0,DAM,LADWP,Demand Forecast Day Ahead,SYS_FCST_DA_MW,2.8,2628.27,DAM,12
2022-10-31T21:00:00-00:00,2022-10-31T22:00:00-00:00,1,2022-10-31,15,0,DAM,LADWP,Demand Forecast Day Ahead,SYS_FCST_DA_MW,2.8,2903.14,DAM,12
2022-10-31T12:00:00-00:00,2022-10-31T13:00:00-00:00,1,2022-10-31,6,0,DAM,LADWP,Demand Forecast Day Ahead,SYS_FCST_DA_MW,2.8,2058.23,DAM,12
2022-11-01T00:00:00-00:00,2022-11-01T01:00:00-00:00,1,2022-10-31,18,0,DAM,LADWP,Demand Forecast Day Ahead,SYS_FCST_DA_MW,2.8,3062.78,DAM,12
2022-10-31T08:00:00-00:00,2022-10-31T09:00:00-00:00,1,2022-10-31,2,0,DAM,MWD-TAC,Demand Forecast Day Ahead,SYS_FCST_DA_MW,2.3,205.31,DAM,13
2022-10-31T23:00:00-00:00,2022-11-01T00:00:00-00:00,1,2022-10-31,17,0,DAM,MWD-TAC,Demand Forecast Day Ahead,SYS_FCST_DA_MW,2.3,205.51,DAM,13
2022-10-31T14:00:00-00:00,2022-10-31T15:00:00-00:00,1,2022-10-31,8,0,DAM,MWD-TAC,Demand Forecast Day Ahead,SYS_FCST_DA_MW,2.3,207.28,DAM,13
2022-11-01T04:00:00-00:00,2022-11-01T05:00:00-00:00,1,2022-10-31,22,0,DAM,MWD-TAC,Demand Forecast Day Ahead,SYS_FCST_DA_MW,2.3,205.98,DAM,13
2022-11-01T05:00:00-00:00,2022-11-01T06:00:00-00:00,1,2022-10-31,23,0,DAM,MWD-TAC,Demand Forecast Day Ahead,SYS_FCST_DA_MW,2.3,206.22,DAM,13
2022-10-31T16:00:00-00:00,2022-10-31T17:00:00-00:00,1,2022-10-31,10,0,DAM,MWD-TAC,Demand Forecast Day Ahead,SYS_FCST_DA_MW,2.3,205.05,DAM,13
2022-11-01T00:00:00-00:00,2022-11-01T01:00:00-00:00,1,2022-10-31,18,0,DAM,MWD-TAC,Demand Forecast Day Ahead,SYS_FCST_DA_MW,2.3,205.54,DAM,13
2022-11-01T06:00:00-00:00,2022-11-01T07:00:00-00:00,1,2022-10-31,24,0,DAM,MWD-TAC,Demand Forecast Day Ahead,SYS_FCST_DA_MW,2.3,206.36,DAM,13
2022-10-31T09:00:00-00:00,2022-10-31T10:00:00-00:00,1,2022-10-31,3,0,DAM,MWD-TAC,Demand Forecast Day Ahead,SYS_FCST_DA_MW,2.3,204.75,DAM,13
2022-11-01T01:00:00-00:00,2022-11-01T02:00:00-00:00,1,2022-10-31,19,0,DAM,MWD-TAC,Demand Forecast Day Ahead,SYS_FCST_DA_MW,2.3,205.88,DAM,13
2022-11-01T02:00:00-00:00,2022-11-01T03:00:00-00:00,1,2022-10-31,20,0,DAM,MWD-TAC,Demand Forecast Day Ahead,SYS_FCST_DA_MW,2.3,205.64,DAM,13
2022-11-01T03:00:00-00:00,2022-11-01T04:00:00-00:00,1,2022-10-31,21,0,DAM,MWD-TAC,Demand Forecast Day Ahead,SYS_FCST_DA_MW,2.3,205.29,DAM,13
2022-10-31T15:00:00-00:00,2022-10-31T16:00:00-00:00,1,2022-10-31,9,0,DAM,MWD-TAC,Demand Forecast Day Ahead,SYS_FCST_DA_MW,2.3,205.52,DAM,13
2022-10-31T17:00:00-00:00,2022-10-31T18:00:00-00:00,1,2022-10-31,11,0,DAM,MWD-TAC,Demand Forecast Day Ahead,SYS_FCST_DA_MW,2.3,205.55,DAM,13
2022-10-31T13:00:00-00:00,2022-10-31T14:00:00-00:00,1,2022-10-31,7,0,DAM,MWD-TAC,Demand Forecast Day Ahead,SYS_FCST_DA_MW,2.3,205.91,DAM,13
2022-10-31T19:00:00-00:00,2022-10-31T20:00:00-00:00,1,2022-10-31,13,0,DAM,MWD-TAC,Demand Forecast Day Ahead,SYS_FCST_DA_MW,2.3,204.9,DAM,13
2022-10-31T11:00:00-00:00,2022-10-31T12:00:00-00:00,1,2022-10-31,5,0,DAM,MWD-TAC,Demand Forecast Day Ahead,SYS_FCST_DA_MW,2.3,205.7,DAM,13
2022-10-31T18:00:00-00:00,2022-10-31T19:00:00-00:00,1,2022-10-31,12,0,DAM,MWD-TAC,Demand Forecast Day Ahead,SYS_FCST_DA_MW,2.3,200,DAM,13
2022-10-31T21:00:00-00:00,2022-10-31T22:00:00-00:00,1,2022-10-31,15,0,DAM,MWD-TAC,Demand Forecast Day Ahead,SYS_FCST_DA_MW,2.3,205.8,DAM,13
2022-10-31T22:00:00-00:00,2022-10-31T23:00:00-00:00,1,2022-10-31,16,0,DAM,MWD-TAC,Demand Forecast Day Ahead,SYS_FCST_DA_MW,2.3,205.51,DAM,13
2022-10-31T10:00:00-00:00,2022-10-31T11:00:00-00:00,1,2022-10-31,4,0,DAM,MWD-TAC,Demand Forecast Day Ahead,SYS_FCST_DA_MW,2.3,205.7,DAM,13
2022-10-31T12:00:00-00:00,2022-10-31T13:00:00-00:00,1,2022-10-31,6,0,DAM,MWD-TAC,Demand Forecast Day Ahead,SYS_FCST_DA_MW,2.3,205.6,DAM,13
2022-10-31T20:00:00-00:00,2022-10-31T21:00:00-00:00,1,2022-10-31,14,0,DAM,MWD-TAC,Demand Forecast Day Ahead,SYS_FCST_DA_MW,2.3,205.77,DAM,13
2022-10-31T14:00:00-00:00,2022-10-31T15:00:00-00:00,1,2022-10-31,8,0,DAM,NEVP,Demand Forecast Day Ahead,SYS_FCST_DA_MW,2.8,3675.29,DAM,14
2022-10-31T21:00:00-00:00,2022-10-31T22:00:00-00:00,1,2022-10-31,15,0,DAM,NEVP,Demand Forecast Day Ahead,SYS_FCST_DA_MW,2.8,3590.41,DAM,14
2022-10-31T20:00:00-00:00,2022-10-31T21:00:00-00:00,1,2022-10-31,14,0,DAM,NEVP,Demand Forecast Day Ahead,SYS_FCST_DA_MW,2.8,3514.89,DAM,14
2022-10-31T16:00:00-00:00,2022-10-31T17:00:00-00:00,1,2022-10-31,10,0,DAM,NEVP,Demand Forecast Day Ahead,SYS_FCST_DA_MW,2.8,3575.44,DAM,14
2022-11-01T06:00:00-00:00,2022-11-01T07:00:00-00:00,1,2022-10-31,24,0,DAM,NEVP,Demand Forecast Day Ahead,SYS_FCST_DA_MW,2.8,3515.48,DAM,14
2022-10-31T23:00:00-00:00,2022-11-01T00:00:00-00:00,1,2022-10-31,17,0,DAM,NEVP,Demand Forecast Day Ahead,SYS_FCST_DA_MW,2.8,3791.67,DAM,14
2022-10-31T10:00:00-00:00,2022-10-31T11:00:00-00:00,1,2022-10-31,4,0,DAM,NEVP,Demand Forecast Day Ahead,SYS_FCST_DA_MW,2.8,3177.87,DAM,14
2022-10-31T12:00:00-00:00,2022-10-31T13:00:00-00:00,1,2022-10-31,6,0,DAM,NEVP,Demand Forecast Day Ahead,SYS_FCST_DA_MW,2.8,3308.07,DAM,14
2022-11-01T04:00:00-00:00,2022-11-01T05:00:00-00:00,1,2022-10-31,22,0,DAM,NEVP,Demand Forecast Day Ahead,SYS_FCST_DA_MW,2.8,3761.43,DAM,14
2022-10-31T22:00:00-00:00,2022-10-31T23:00:00-00:00,1,2022-10-31,16,0,DAM,NEVP,Demand Forecast Day Ahead,SYS_FCST_DA_MW,2.8,3687.83,DAM,14
2022-10-31T19:00:00-00:00,2022-10-31T20:00:00-00:00,1,2022-10-31,13,0,DAM,NEVP,Demand Forecast Day Ahead,SYS_FCST_DA_MW,2.8,3477.16,DAM,14
2022-10-31T18:00:00-00:00,2022-10-31T19:00:00-00:00,1,2022-10-31,12,0,DAM,NEVP,Demand Forecast Day Ahead,SYS_FCST_DA_MW,2.8,3485.01,DAM,14
2022-10-31T13:00:00-00:00,2022-10-31T14:00:00-00:00,1,2022-10-31,7,0,DAM,NEVP,Demand Forecast Day Ahead,SYS_FCST_DA_MW,2.8,3501,DAM,14
2022-10-31T08:00:00-00:00,2022-10-31T09:00:00-00:00,1,2022-10-31,2,0,DAM,NEVP,Demand Forecast Day Ahead,SYS_FCST_DA_MW,2.8,3233.76,DAM,14
2022-11-01T05:00:00-00:00,2022-11-01T06:00:00-00:00,1,2022-10-31,23,0,DAM,NEVP,Demand Forecast Day Ahead,SYS_FCST_DA_MW,2.8,3651.35,DAM,14
2022-11-01T00:00:00-00:00,2022-11-01T01:00:00-00:00,1,2022-10-31,18,0,DAM,NEVP,Demand Forecast Day Ahead,SYS_FCST_DA_MW,2.8,3855.88,DAM,14
2022-10-31T17:00:00-00:00,2022-10-31T18:00:00-00:00,1,2022-10-31,11,0,DAM,NEVP,Demand Forecast Day Ahead,SYS_FCST_DA_MW,2.8,3522.81,DAM,14
2022-10-31T15:00:00-00:00,2022-10-31T16:00:00-00:00,1,2022-10-31,9,0,DAM,NEVP,Demand Forecast Day Ahead,SYS_FCST_DA_MW,2.8,3636.17,DAM,14
2022-10-31T09:00:00-00:00,2022-10-31T10:00:00-00:00,1,2022-10-31,3,0,DAM,NEVP,Demand Forecast Day Ahead,SYS_FCST_DA_MW,2.8,3187.43,DAM,14
2022-11-01T02:00:00-00:00,2022-11-01T03:00:00-00:00,1,2022-10-31,20,0,DAM,NEVP,Demand Forecast Day Ahead,SYS_FCST_DA_MW,2.8,3987.96,DAM,14
2022-10-31T11:00:00-00:00,2022-10-31T12:00:00-00:00,1,2022-10-31,5,0,DAM,NEVP,Demand Forecast Day Ahead,SYS_FCST_DA_MW,2.8,3213.81,DAM,14
2022-11-01T03:00:00-00:00,2022-11-01T04:00:00-00:00,1,2022-10-31,21,0,DAM,NEVP,Demand Forecast Day Ahead,SYS_FCST_DA_MW,2.8,3893.8,DAM,14
2022-11-01T01:00:00-00:00,2022-11-01T02:00:00-00:00,1,2022-10-31,19,0,DAM,NEVP,Demand Forecast Day Ahead,SYS_FCST_DA_MW,2.8,3985.5,DAM,14
2022-11-01T02:00:00-00:00,2022-11-01T03:00:00-00:00,1,2022-10-31,20,0,DAM,NWMT,Demand Forecast Day Ahead,SYS_FCST_DA_MW,2.8,1345.34,DAM,15
2022-10-31T10:00:00-00:00,2022-10-31T11:00:00-00:00,1,2022-10-31,4,0,DAM,NWMT,Demand Forecast Day Ahead,SYS_FCST_DA_MW,2.8,1120.38,DAM,15
2022-11-01T01:00:00-00:00,2022-11-01T02:00:00-00:00,1,2022-10-31,19,0,DAM,NWMT,Demand Forecast Day Ahead,SYS_FCST_DA_MW,2.8,1388.88,DAM,15
2022-10-31T22:00:00-00:00,2022-10-31T23:00:00-00:00,1,2022-10-31,16,0,DAM,NWMT,Demand Forecast Day Ahead,SYS_FCST_DA_MW,2.8,1340.24,DAM,15
2022-10-31T20:00:00-00:00,2022-10-31T21:00:00-00:00,1,2022-10-31,14,0,DAM,NWMT,Demand Forecast Day Ahead,SYS_FCST_DA_MW,2.8,1336.4,DAM,15
2022-11-01T00:00:00-00:00,2022-11-01T01:00:00-00:00,1,2022-10-31,18,0,DAM,NWMT,Demand Forecast Day Ahead,SYS_FCST_DA_MW,2.8,1392.07,DAM,15
2022-10-31T18:00:00-00:00,2022-10-31T19:00:00-00:00,1,2022-10-31,12,0,DAM,NWMT,Demand Forecast Day Ahead,SYS_FCST_DA_MW,2.8,1356.7,DAM,15
2022-11-01T03:00:00-00:00,2022-11-01T04:00:00-00:00,1,2022-10-31,21,0,DAM,NWMT,Demand Forecast Day Ahead,SYS_FCST_DA_MW,2.8,1294.6,DAM,15
2022-10-31T21:00:00-00:00,2022-10-31T22:00:00-00:00,1,2022-10-31,15,0,DAM,NWMT,Demand Forecast Day Ahead,SYS_FCST_DA_MW,2.8,1332.78,DAM,15
2022-10-31T15:00:00-00:00,2022-10-31T16:00:00-00:00,1,2022-10-31,9,0,DAM,NWMT,Demand Forecast Day Ahead,SYS_FCST_DA_MW,2.8,1382.41,DAM,15
2022-10-31T14:00:00-00:00,2022-10-31T15:00:00-00:00,1,2022-10-31,8,0,DAM,NWMT,Demand Forecast Day Ahead,SYS_FCST_DA_MW,2.8,1381.44,DAM,15
2022-10-31T19:00:00-00:00,2022-10-31T20:00:00-00:00,1,2022-10-31,13,0,DAM,NWMT,Demand Forecast Day Ahead,SYS_FCST_DA_MW,2.8,1347.31,DAM,15
2022-10-31T08:00:00-00:00,2022-10-31T09:00:00-00:00,1,2022-10-31,2,0,DAM,NWMT,Demand Forecast Day Ahead,SYS_FCST_DA_MW,2.8,1100.88,DAM,15
2022-10-31T13:00:00-00:00,2022-10-31T14:00:00-00:00,1,2022-10-31,7,0,DAM,NWMT,Demand Forecast Day Ahead,SYS_FCST_DA_MW,2.8,1361.82,DAM,15
2022-10-31T17:00:00-00:00,2022-10-31T18:00:00-00:00,1,2022-10-31,11,0,DAM,NWMT,Demand Forecast Day Ahead,SYS_FCST_DA_MW,2.8,1370.1,DAM,15
2022-10-31T16:00:00-00:00,2022-10-31T17:00:00-00:00,1,2022-10-31,10,0,DAM,NWMT,Demand Forecast Day Ahead,SYS_FCST_DA_MW,2.8,1380.6,DAM,15
2022-10-31T12:00:00-00:00,2022-10-31T13:00:00-00:00,1,2022-10-31,6,0,DAM,NWMT,Demand Forecast Day Ahead,SYS_FCST_DA_MW,2.8,1265.39,DAM,15
2022-11-01T06:00:00-00:00,2022-11-01T07:00:00-00:00,1,2022-10-31,24,0,DAM,NWMT,Demand Forecast Day Ahead,SYS_FCST_DA_MW,2.8,1136.12,DAM,15
2022-11-01T05:00:00-00:00,2022-11-01T06:00:00-00:00,1,2022-10-31,23,0,DAM,NWMT,Demand Forecast Day Ahead,SYS_FCST_DA_MW,2.8,1171.28,DAM,15
2022-10-31T11:00:00-00:00,2022-10-31T12:00:00-00:00,1,2022-10-31,5,0,DAM,NWMT,Demand Forecast Day Ahead,SYS_FCST_DA_MW,2.8,1167.26,DAM,15
2022-10-31T09:00:00-00:00,2022-10-31T10:00:00-00:00,1,2022-10-31,3,0,DAM,NWMT,Demand Forecast Day Ahead,SYS_FCST_DA_MW,2.8,1104.54,DAM,15
2022-11-01T04:00:00-00:00,2022-11-01T05:00:00-00:00,1,2022-10-31,22,0,DAM,NWMT,Demand Forecast Day Ahead,SYS_FCST_DA_MW,2.8,1226.52,DAM,15
2022-10-31T23:00:00-00:00,2022-11-01T00:00:00-00:00,1,2022-10-31,17,0,DAM,NWMT,Demand Forecast Day Ahead,SYS_FCST_DA_MW,2.8,1350.49,DAM,15
2022-10-31T14:00:00-00:00,2022-10-31T15:00:00-00:00,1,2022-10-31,8,0,DAM,PACE,Demand Forecast Day Ahead,SYS_FCST_DA_MW,2.8,5535.27,DAM,16
2022-10-31T18:00:00-00:00,2022-10-31T19:00:00-00:00,1,2022-10-31,12,0,DAM,PACE,Demand Forecast Day Ahead,SYS_FCST_DA_MW,2.8,5306,DAM,16
2022-10-31T21:00:00-00:00,2022-10-31T22:00:00-00:00,1,2022-10-31,15,0,DAM,PACE,Demand Forecast Day Ahead,SYS_FCST_DA_MW,2.8,5288.06,DAM,16
2022-11-01T00:00:00-00:00,2022-11-01T01:00:00-00:00,1,2022-10-31,18,0,DAM,PACE,Demand Forecast Day Ahead,SYS_FCST_DA_MW,2.8,5528.08,DAM,16
2022-10-31T22:00:00-00:00,2022-10-31T23:00:00-00:00,1,2022-10-31,16,0,DAM,PACE,Demand Forecast Day Ahead,SYS_FCST_DA_MW,2.8,5330.02,DAM,16
2022-10-31T19:00:00-00:00,2022-10-31T20:00:00-00:00,1,2022-10-31,13,0,DAM,PACE,Demand Forecast Day Ahead,SYS_FCST_DA_MW,2.8,5289.18,DAM,16
2022-10-31T20:00:00-00:00,2022-10-31T21:00:00-00:00,1,2022-10-31,14,0,DAM,PACE,Demand Forecast Day Ahead,SYS_FCST_DA_MW,2.8,5275.84,DAM,16
2022-11-01T04:00:00-00:00,2022-11-01T05:00:00-00:00,1,2022-10-31,22,0,DAM,PACE,Demand Forecast Day Ahead,SYS_FCST_DA_MW,2.8,5075.15,DAM,16
2022-10-31T13:00:00-00:00,2022-10-31T14:00:00-00:00,1,2022-10-31,7,0,DAM,PACE,Demand Forecast Day Ahead,SYS_FCST_DA_MW,2.8,5473.27,DAM,16
2022-10-31T11:00:00-00:00,2022-10-31T12:00:00-00:00,1,2022-10-31,5,0,DAM,PACE,Demand Forecast Day Ahead,SYS_FCST_DA_MW,2.8,4810.43,DAM,16
2022-10-31T16:00:00-00:00,2022-10-31T17:00:00-00:00,1,2022-10-31,10,0,DAM,PACE,Demand Forecast Day Ahead,SYS_FCST_DA_MW,2.8,5438.19,DAM,16
2022-10-31T08:00:00-00:00,2022-10-31T09:00:00-00:00,1,2022-10-31,2,0,DAM,PACE,Demand Forecast Day Ahead,SYS_FCST_DA_MW,2.8,4492.94,DAM,16
2022-10-31T17:00:00-00:00,2022-10-31T18:00:00-00:00,1,2022-10-31,11,0,DAM,PACE,Demand Forecast Day Ahead,SYS_FCST_DA_MW,2.8,5367.94,DAM,16
2022-11-01T03:00:00-00:00,2022-11-01T04:00:00-00:00,1,2022-10-31,21,0,DAM,PACE,Demand Forecast Day Ahead,SYS_FCST_DA_MW,2.8,5335.18,DAM,16
2022-10-31T09:00:00-00:00,2022-10-31T10:00:00-00:00,1,2022-10-31,3,0,DAM,PACE,Demand Forecast Day Ahead,SYS_FCST_DA_MW,2.8,4513.42,DAM,16
2022-11-01T01:00:00-00:00,2022-11-01T02:00:00-00:00,1,2022-10-31,19,0,DAM,PACE,Demand Forecast Day Ahead,SYS_FCST_DA_MW,2.8,5591.52,DAM,16
2022-10-31T12:00:00-00:00,2022-10-31T13:00:00-00:00,1,2022-10-31,6,0,DAM,PACE,Demand Forecast Day Ahead,SYS_FCST_DA_MW,2.8,5150.91,DAM,16
2022-10-31T15:00:00-00:00,2022-10-31T16:00:00-00:00,1,2022-10-31,9,0,DAM,PACE,Demand Forecast Day Ahead,SYS_FCST_DA_MW,2.8,5495.96,DAM,16
2022-10-31T10:00:00-00:00,2022-10-31T11:00:00-00:00,1,2022-10-31,4,0,DAM,PACE,Demand Forecast Day Ahead,SYS_FCST_DA_MW,2.8,4601.09,DAM,16
2022-11-01T06:00:00-00:00,2022-11-01T07:00:00-00:00,1,2022-10-31,24,0,DAM,PACE,Demand Forecast Day Ahead,SYS_FCST_DA_MW,2.8,4659.93,DAM,16
2022-11-01T02:00:00-00:00,2022-11-01T03:00:00-00:00,1,2022-10-31,20,0,DAM,PACE,Demand Forecast Day Ahead,SYS_FCST_DA_MW,2.8,5498.48,DAM,16
2022-10-31T23:00:00-00:00,2022-11-01T00:00:00-00:00,1,2022-10-31,17,0,DAM,PACE,Demand Forecast Day Ahead,SYS_FCST_DA_MW,2.8,5386.39,DAM,16
2022-11-01T05:00:00-00:00,2022-11-01T06:00:00-00:00,1,2022-10-31,23,0,DAM,PACE,Demand Forecast Day Ahead,SYS_FCST_DA_MW,2.8,4830.49,DAM,16
2022-11-01T04:00:00-00:00,2022-11-01T05:00:00-00:00,1,2022-10-31,22,0,DAM,PACW,Demand Forecast Day Ahead,SYS_FCST_DA_MW,2.8,2195.8,DAM,17
2022-11-01T03:00:00-00:00,2022-11-01T04:00:00-00:00,1,2022-10-31,21,0,DAM,PACW,Demand Forecast Day Ahead,SYS_FCST_DA_MW,2.8,2332.6,DAM,17
2022-10-31T20:00:00-00:00,2022-10-31T21:00:00-00:00,1,2022-10-31,14,0,DAM,PACW,Demand Forecast Day Ahead,SYS_FCST_DA_MW,2.8,2308.2,DAM,17
2022-10-31T19:00:00-00:00,2022-10-31T20:00:00-00:00,1,2022-10-31,13,0,DAM,PACW,Demand Forecast Day Ahead,SYS_FCST_DA_MW,2.8,2324.76,DAM,17
2022-10-31T12:00:00-00:00,2022-10-31T13:00:00-00:00,1,2022-10-31,6,0,DAM,PACW,Demand Forecast Day Ahead,SYS_FCST_DA_MW,2.8,1921.08,DAM,17
2022-10-31T11:00:00-00:00,2022-10-31T12:00:00-00:00,1,2022-10-31,5,0,DAM,PACW,Demand Forecast Day Ahead,SYS_FCST_DA_MW,2.8,1727.98,DAM,17
2022-10-31T10:00:00-00:00,2022-10-31T11:00:00-00:00,1,2022-10-31,4,0,DAM,PACW,Demand Forecast Day Ahead,SYS_FCST_DA_MW,2.8,1648.96,DAM,17
2022-11-01T02:00:00-00:00,2022-11-01T03:00:00-00:00,1,2022-10-31,20,0,DAM,PACW,Demand Forecast Day Ahead,SYS_FCST_DA_MW,2.8,2421.72,DAM,17
2022-10-31T18:00:00-00:00,2022-10-31T19:00:00-00:00,1,2022-10-31,12,0,DAM,PACW,Demand Forecast Day Ahead,SYS_FCST_DA_MW,2.8,2328.18,DAM,17
2022-10-31T09:00:00-00:00,2022-10-31T10:00:00-00:00,1,2022-10-31,3,0,DAM,PACW,Demand Forecast Day Ahead,SYS_FCST_DA_MW,2.8,1632.29,DAM,17
2022-11-01T01:00:00-00:00,2022-11-01T02:00:00-00:00,1,2022-10-31,19,0,DAM,PACW,Demand Forecast Day Ahead,SYS_FCST_DA_MW,2.8,2461.08,DAM,17
2022-11-01T00:00:00-00:00,2022-11-01T01:00:00-00:00,1,2022-10-31,18,0,DAM,PACW,Demand Forecast Day Ahead,SYS_FCST_DA_MW,2.8,2376.52,DAM,17
2022-10-31T21:00:00-00:00,2022-10-31T22:00:00-00:00,1,2022-10-31,15,0,DAM,PACW,Demand Forecast Day Ahead,SYS_FCST_DA_MW,2.8,2286.95,DAM,17
2022-10-31T16:00:00-00:00,2022-10-31T17:00:00-00:00,1,2022-10-31,10,0,DAM,PACW,Demand Forecast Day Ahead,SYS_FCST_DA_MW,2.8,2424.79,DAM,17
2022-10-31T15:00:00-00:00,2022-10-31T16:00:00-00:00,1,2022-10-31,9,0,DAM,PACW,Demand Forecast Day Ahead,SYS_FCST_DA_MW,2.8,2442.74,DAM,17
2022-10-31T08:00:00-00:00,2022-10-31T09:00:00-00:00,1,2022-10-31,2,0,DAM,PACW,Demand Forecast Day Ahead,SYS_FCST_DA_MW,2.8,1636.46,DAM,17
2022-10-31T13:00:00-00:00,2022-10-31T14:00:00-00:00,1,2022-10-31,7,0,DAM,PACW,Demand Forecast Day Ahead,SYS_FCST_DA_MW,2.8,2214.37,DAM,17
2022-11-01T06:00:00-00:00,2022-11-01T07:00:00-00:00,1,2022-10-31,24,0,DAM,PACW,Demand Forecast Day Ahead,SYS_FCST_DA_MW,2.8,1900.72,DAM,17
2022-11-01T05:00:00-00:00,2022-11-01T06:00:00-00:00,1,2022-10-31,23,0,DAM,PACW,Demand Forecast Day Ahead,SYS_FCST_DA_MW,2.8,2031.97,DAM,17
2022-10-31T23:00:00-00:00,2022-11-01T00:00:00-00:00,1,2022-10-31,17,0,DAM,PACW,Demand Forecast Day Ahead,SYS_FCST_DA_MW,2.8,2302.64,DAM,17
2022-10-31T14:00:00-00:00,2022-10-31T15:00:00-00:00,1,2022-10-31,8,0,DAM,PACW,Demand Forecast Day Ahead,SYS_FCST_DA_MW,2.8,2427.09,DAM,17
2022-10-31T17:00:00-00:00,2022-10-31T18:00:00-00:00,1,2022-10-31,11,0,DAM,PACW,Demand Forecast Day Ahead,SYS_FCST_DA_MW,2.8,2375.64,DAM,17
2022-10-31T22:00:00-00:00,2022-10-31T23:00:00-00:00,1,2022-10-31,16,0,DAM,PACW,Demand Forecast Day Ahead,SYS_FCST_DA_MW,2.8,2278.81,DAM,17
2022-10-31T16:00:00-00:00,2022-10-31T17:00:00-00:00,1,2022-10-31,10,0,DAM,PGE,Demand Forecast Day Ahead,SYS_FCST_DA_MW,2.8,2722.92,DAM,18
2022-11-01T05:00:00-00:00,2022-11-01T06:00:00-00:00,1,2022-10-31,23,0,DAM,PGE,Demand Forecast Day Ahead,SYS_FCST_DA_MW,2.8,2371.33,DAM,18
2022-11-01T06:00:00-00:00,2022-11-01T07:00:00-00:00,1,2022-10-31,24,0,DAM,PGE,Demand Forecast Day Ahead,SYS_FCST_DA_MW,2.8,2215.36,DAM,18
2022-10-31T10:00:00-00:00,2022-10-31T11:00:00-00:00,1,2022-10-31,4,0,DAM,PGE,Demand Forecast Day Ahead,SYS_FCST_DA_MW,2.8,1898.58,DAM,18
2022-10-31T12:00:00-00:00,2022-10-31T13:00:00-00:00,1,2022-10-31,6,0,DAM,PGE,Demand Forecast Day Ahead,SYS_FCST_DA_MW,2.8,2158.59,DAM,18
2022-10-31T20:00:00-00:00,2022-10-31T21:00:00-00:00,1,2022-10-31,14,0,DAM,PGE,Demand Forecast Day Ahead,SYS_FCST_DA_MW,2.8,2693.81,DAM,18
2022-11-01T03:00:00-00:00,2022-11-01T04:00:00-00:00,1,2022-10-31,21,0,DAM,PGE,Demand Forecast Day Ahead,SYS_FCST_DA_MW,2.8,2736.33,DAM,18
2022-10-31T08:00:00-00:00,2022-10-31T09:00:00-00:00,1,2022-10-31,2,0,DAM,PGE,Demand Forecast Day Ahead,SYS_FCST_DA_MW,2.8,1909.2,DAM,18
2022-10-31T11:00:00-00:00,2022-10-31T12:00:00-00:00,1,2022-10-31,5,0,DAM,PGE,Demand Forecast Day Ahead,SYS_FCST_DA_MW,2.8,1981.98,DAM,18
2022-10-31T23:00:00-00:00,2022-11-01T00:00:00-00:00,1,2022-10-31,17,0,DAM,PGE,Demand Forecast Day Ahead,SYS_FCST_DA_MW,2.8,2729.52,DAM,18
2022-10-31T09:00:00-00:00,2022-10-31T10:00:00-00:00,1,2022-10-31,3,0,DAM,PGE,Demand Forecast Day Ahead,SYS_FCST_DA_MW,2.8,1890.65,DAM,18
2022-10-31T13:00:00-00:00,2022-10-31T14:00:00-00:00,1,2022-10-31,7,0,DAM,PGE,Demand Forecast Day Ahead,SYS_FCST_DA_MW,2.8,2405.76,DAM,18
2022-10-31T15:00:00-00:00,2022-10-31T16:00:00-00:00,1,2022-10-31,9,0,DAM,PGE,Demand Forecast Day Ahead,SYS_FCST_DA_MW,2.8,2691.85,DAM,18
2022-11-01T04:00:00-00:00,2022-11-01T05:00:00-00:00,1,2022-10-31,22,0,DAM,PGE,Demand Forecast Day Ahead,SYS_FCST_DA_MW,2.8,2555.29,DAM,18
2022-10-31T21:00:00-00:00,2022-10-31T22:00:00-00:00,1,2022-10-31,15,0,DAM,PGE,Demand Forecast Day Ahead,SYS_FCST_DA_MW,2.8,2663.42,DAM,18
2022-11-01T00:00:00-00:00,2022-11-01T01:00:00-00:00,1,2022-10-31,18,0,DAM,PGE,Demand Forecast Day Ahead,SYS_FCST_DA_MW,2.8,2816.81,DAM,18
2022-11-01T02:00:00-00:00,2022-11-01T03:00:00-00:00,1,2022-10-31,20,0,DAM,PGE,Demand Forecast Day Ahead,SYS_FCST_DA_MW,2.8,2844.04,DAM,18
2022-10-31T14:00:00-00:00,2022-10-31T15:00:00-00:00,1,2022-10-31,8,0,DAM,PGE,Demand Forecast Day Ahead,SYS_FCST_DA_MW,2.8,2613.15,DAM,18
2022-10-31T17:00:00-00:00,2022-10-31T18:00:00-00:00,1,2022-10-31,11,0,DAM,PGE,Demand Forecast Day Ahead,SYS_FCST_DA_MW,2.8,2727.07,DAM,18
2022-10-31T18:00:00-00:00,2022-10-31T19:00:00-00:00,1,2022-10-31,12,0,DAM,PGE,Demand Forecast Day Ahead,SYS_FCST_DA_MW,2.8,2719.45,DAM,18
2022-10-31T19:00:00-00:00,2022-10-31T20:00:00-00:00,1,2022-10-31,13,0,DAM,PGE,Demand Forecast Day Ahead,SYS_FCST_DA_MW,2.8,2721.18,DAM,18
2022-10-31T22:00:00-00:00,2022-10-31T23:00:00-00:00,1,2022-10-31,16,0,DAM,PGE,Demand Forecast Day Ahead,SYS_FCST_DA_MW,2.8,2670.65,DAM,18
2022-11-01T01:00:00-00:00,2022-11-01T02:00:00-00:00,1,2022-10-31,19,0,DAM,PGE,Demand Forecast Day Ahead,SYS_FCST_DA_MW,2.8,2891.58,DAM,18
2022-10-31T15:00:00-00:00,2022-10-31T16:00:00-00:00,1,2022-10-31,9,0,DAM,PGE-TAC,Demand Forecast Day Ahead,SYS_FCST_DA_MW,2.1,11259.24,DAM,19
2022-10-31T16:00:00-00:00,2022-10-31T17:00:00-00:00,1,2022-10-31,10,0,DAM,PGE-TAC,Demand Forecast Day Ahead,SYS_FCST_DA_MW,2.1,10937.83,DAM,19
2022-10-31T18:00:00-00:00,2022-10-31T19:00:00-00:00,1,2022-10-31,12,0,DAM,PGE-TAC,Demand Forecast Day Ahead,SYS_FCST_DA_MW,2.1,10172.37,DAM,19
2022-11-01T02:00:00-00:00,2022-11-01T03:00:00-00:00,1,2022-10-31,20,0,DAM,PGE-TAC,Demand Forecast Day Ahead,SYS_FCST_DA_MW,2.1,12043.1,DAM,19
2022-10-31T10:00:00-00:00,2022-10-31T11:00:00-00:00,1,2022-10-31,4,0,DAM,PGE-TAC,Demand Forecast Day Ahead,SYS_FCST_DA_MW,2.1,8711.14,DAM,19
2022-10-31T12:00:00-00:00,2022-10-31T13:00:00-00:00,1,2022-10-31,6,0,DAM,PGE-TAC,Demand Forecast Day Ahead,SYS_FCST_DA_MW,2.1,9446.71,DAM,19
2022-10-31T22:00:00-00:00,2022-10-31T23:00:00-00:00,1,2022-10-31,16,0,DAM,PGE-TAC,Demand Forecast Day Ahead,SYS_FCST_DA_MW,2.1,10393.2,DAM,19
2022-10-31T14:00:00-00:00,2022-10-31T15:00:00-00:00,1,2022-10-31,8,0,DAM,PGE-TAC,Demand Forecast Day Ahead,SYS_FCST_DA_MW,2.1,11334.52,DAM,19
2022-11-01T00:00:00-00:00,2022-11-01T01:00:00-00:00,1,2022-10-31,18,0,DAM,PGE-TAC,Demand Forecast Day Ahead,SYS_FCST_DA_MW,2.1,11409.24,DAM,19
2022-11-01T01:00:00-00:00,2022-11-01T02:00:00-00:00,1,2022-10-31,19,0,DAM,PGE-TAC,Demand Forecast Day Ahead,SYS_FCST_DA_MW,2.1,12065.48,DAM,19
2022-10-31T11:00:00-00:00,2022-10-31T12:00:00-00:00,1,2022-10-31,5,0,DAM,PGE-TAC,Demand Forecast Day Ahead,SYS_FCST_DA_MW,2.1,8927.54,DAM,19
2022-10-31T13:00:00-00:00,2022-10-31T14:00:00-00:00,1,2022-10-31,7,0,DAM,PGE-TAC,Demand Forecast Day Ahead,SYS_FCST_DA_MW,2.1,10389.56,DAM,19
2022-10-31T17:00:00-00:00,2022-10-31T18:00:00-00:00,1,2022-10-31,11,0,DAM,PGE-TAC,Demand Forecast Day Ahead,SYS_FCST_DA_MW,2.1,10511.57,DAM,19
2022-10-31T21:00:00-00:00,2022-10-31T22:00:00-00:00,1,2022-10-31,15,0,DAM,PGE-TAC,Demand Forecast Day Ahead,SYS_FCST_DA_MW,2.1,10091.66,DAM,19
2022-11-01T04:00:00-00:00,2022-11-01T05:00:00-00:00,1,2022-10-31,22,0,DAM,PGE-TAC,Demand Forecast Day Ahead,SYS_FCST_DA_MW,2.1,11150,DAM,19
2022-11-01T05:00:00-00:00,2022-11-01T06:00:00-00:00,1,2022-10-31,23,0,DAM,PGE-TAC,Demand Forecast Day Ahead,SYS_FCST_DA_MW,2.1,10506.58,DAM,19
2022-10-31T09:00:00-00:00,2022-10-31T10:00:00-00:00,1,2022-10-31,3,0,DAM,PGE-TAC,Demand Forecast Day Ahead,SYS_FCST_DA_MW,2.1,8726.69,DAM,19
2022-10-31T19:00:00-00:00,2022-10-31T20:00:00-00:00,1,2022-10-31,13,0,DAM,PGE-TAC,Demand Forecast Day Ahead,SYS_FCST_DA_MW,2.1,9953.83,DAM,19
2022-10-31T20:00:00-00:00,2022-10-31T21:00:00-00:00,1,2022-10-31,14,0,DAM,PGE-TAC,Demand Forecast Day Ahead,SYS_FCST_DA_MW,2.1,9935.95,DAM,19
2022-10-31T23:00:00-00:00,2022-11-01T00:00:00-00:00,1,2022-10-31,17,0,DAM,PGE-TAC,Demand Forecast Day Ahead,SYS_FCST_DA_MW,2.1,10840.26,DAM,19
2022-11-01T03:00:00-00:00,2022-11-01T04:00:00-00:00,1,2022-10-31,21,0,DAM,PGE-TAC,Demand Forecast Day Ahead,SYS_FCST_DA_MW,2.1,11619.93,DAM,19
2022-11-01T06:00:00-00:00,2022-11-01T07:00:00-00:00,1,2022-10-31,24,0,DAM,PGE-TAC,Demand Forecast Day Ahead,SYS_FCST_DA_MW,2.1,9943.24,DAM,19
2022-10-31T08:00:00-00:00,2022-10-31T09:00:00-00:00,1,2022-10-31,2,0,DAM,PGE-TAC,Demand Forecast Day Ahead,SYS_FCST_DA_MW,2.1,8883.05,DAM,19
2022-10-31T22:00:00-00:00,2022-10-31T23:00:00-00:00,1,2022-10-31,16,0,DAM,PNM,Demand Forecast Day Ahead,SYS_FCST_DA_MW,2.8,1424.09,DAM,20
2022-10-31T11:00:00-00:00,2022-10-31T12:00:00-00:00,1,2022-10-31,5,0,DAM,PNM,Demand Forecast Day Ahead,SYS_FCST_DA_MW,2.8,1338.52,DAM,20
2022-10-31T12:00:00-00:00,2022-10-31T13:00:00-00:00,1,2022-10-31,6,0,DAM,PNM,Demand Forecast Day Ahead,SYS_FCST_DA_MW,2.8,1451.54,DAM,20
2022-10-31T14:00:00-00:00,2022-10-31T15:00:00-00:00,1,2022-10-31,8,0,DAM,PNM,Demand Forecast Day Ahead,SYS_FCST_DA_MW,2.8,1454.68,DAM,20
2022-10-31T17:00:00-00:00,2022-10-31T18:00:00-00:00,1,2022-10-31,11,0,DAM,PNM,Demand Forecast Day Ahead,SYS_FCST_DA_MW,2.8,1331.48,DAM,20
2022-10-31T18:00:00-00:00,2022-10-31T19:00:00-00:00,1,2022-10-31,12,0,DAM,PNM,Demand Forecast Day Ahead,SYS_FCST_DA_MW,2.8,1324.9,DAM,20
2022-11-01T01:00:00-00:00,2022-11-01T02:00:00-00:00,1,2022-10-31,19,0,DAM,PNM,Demand Forecast Day Ahead,SYS_FCST_DA_MW,2.8,1584.79,DAM,20
2022-11-01T02:00:00-00:00,2022-11-01T03:00:00-00:00,1,2022-10-31,20,0,DAM,PNM,Demand Forecast Day Ahead,SYS_FCST_DA_MW,2.8,1562.3,DAM,20
2022-11-01T04:00:00-00:00,2022-11-01T05:00:00-00:00,1,2022-10-31,22,0,DAM,PNM,Demand Forecast Day Ahead,SYS_FCST_DA_MW,2.8,1412.68,DAM,20
2022-10-31T08:00:00-00:00,2022-10-31T09:00:00-00:00,1,2022-10-31,2,0,DAM,PNM,Demand Forecast Day Ahead,SYS_FCST_DA_MW,2.8,1247.78,DAM,20
2022-10-31T21:00:00-00:00,2022-10-31T22:00:00-00:00,1,2022-10-31,15,0,DAM,PNM,Demand Forecast Day Ahead,SYS_FCST_DA_MW,2.8,1380.02,DAM,20
2022-11-01T05:00:00-00:00,2022-11-01T06:00:00-00:00,1,2022-10-31,23,0,DAM,PNM,Demand Forecast Day Ahead,SYS_FCST_DA_MW,2.8,1336,DAM,20
2022-10-31T15:00:00-00:00,2022-10-31T16:00:00-00:00,1,2022-10-31,9,0,DAM,PNM,Demand Forecast Day Ahead,SYS_FCST_DA_MW,2.8,1399.05,DAM,20
2022-11-01T06:00:00-00:00,2022-11-01T07:00:00-00:00,1,2022-10-31,24,0,DAM,PNM,Demand Forecast Day Ahead,SYS_FCST_DA_MW,2.8,1292.07,DAM,20
2022-10-31T16:00:00-00:00,2022-10-31T17:00:00-00:00,1,2022-10-31,10,0,DAM,PNM,Demand Forecast Day Ahead,SYS_FCST_DA_MW,2.8,1357.85,DAM,20
2022-11-01T00:00:00-00:00,2022-11-01T01:00:00-00:00,1,2022-10-31,18,0,DAM,PNM,Demand Forecast Day Ahead,SYS_FCST_DA_MW,2.8,1542.08,DAM,20
2022-10-31T20:00:00-00:00,2022-10-31T21:00:00-00:00,1,2022-10-31,14,0,DAM,PNM,Demand Forecast Day Ahead,SYS_FCST_DA_MW,2.8,1349.88,DAM,20
2022-11-01T03:00:00-00:00,2022-11-01T04:00:00-00:00,1,2022-10-31,21,0,DAM,PNM,Demand Forecast Day Ahead,SYS_FCST_DA_MW,2.8,1499.2,DAM,20
2022-10-31T10:00:00-00:00,2022-10-31T11:00:00-00:00,1,2022-10-31,4,0,DAM,PNM,Demand Forecast Day Ahead,SYS_FCST_DA_MW,2.8,1273.39,DAM,20
2022-10-31T13:00:00-00:00,2022-10-31T14:00:00-00:00,1,2022-10-31,7,0,DAM,PNM,Demand Forecast Day Ahead,SYS_FCST_DA_MW,2.8,1506.72,DAM,20
2022-10-31T19:00:00-00:00,2022-10-31T20:00:00-00:00,1,2022-10-31,13,0,DAM,PNM,Demand Forecast Day Ahead,SYS_FCST_DA_MW,2.8,1331.31,DAM,20
2022-10-31T09:00:00-00:00,2022-10-31T10:00:00-00:00,1,2022-10-31,3,0,DAM,PNM,Demand Forecast Day Ahead,SYS_FCST_DA_MW,2.8,1248.95,DAM,20
2022-10-31T23:00:00-00:00,2022-11-01T00:00:00-00:00,1,2022-10-31,17,0,DAM,PNM,Demand Forecast Day Ahead,SYS_FCST_DA_MW,2.8,1477,DAM,20
2022-10-31T17:00:00-00:00,2022-10-31T18:00:00-00:00,1,2022-10-31,11,0,DAM,PSEI,Demand Forecast Day Ahead,SYS_FCST_DA_MW,2.8,3044.27,DAM,21
2022-10-31T19:00:00-00:00,2022-10-31T20:00:00-00:00,1,2022-10-31,13,0,DAM,PSEI,Demand Forecast Day Ahead,SYS_FCST_DA_MW,2.8,3037.76,DAM,21
2022-11-01T03:00:00-00:00,2022-11-01T04:00:00-00:00,1,2022-10-31,21,0,DAM,PSEI,Demand Forecast Day Ahead,SYS_FCST_DA_MW,2.8,3121.6,DAM,21
2022-10-31T15:00:00-00:00,2022-10-31T16:00:00-00:00,1,2022-10-31,9,0,DAM,PSEI,Demand Forecast Day Ahead,SYS_FCST_DA_MW,2.8,2992.7,DAM,21
2022-10-31T21:00:00-00:00,2022-10-31T22:00:00-00:00,1,2022-10-31,15,0,DAM,PSEI,Demand Forecast Day Ahead,SYS_FCST_DA_MW,2.8,2970.02,DAM,21
2022-10-31T22:00:00-00:00,2022-10-31T23:00:00-00:00,1,2022-10-31,16,0,DAM,PSEI,Demand Forecast Day Ahead,SYS_FCST_DA_MW,2.8,2974.74,DAM,21
2022-11-01T04:00:00-00:00,2022-11-01T05:00:00-00:00,1,2022-10-31,22,0,DAM,PSEI,Demand Forecast Day Ahead,SYS_FCST_DA_MW,2.8,2902.05,DAM,21
2022-10-31T10:00:00-00:00,2022-10-31T11:00:00-00:00,1,2022-10-31,4,0,DAM,PSEI,Demand Forecast Day Ahead,SYS_FCST_DA_MW,2.8,2009.77,DAM,21
2022-11-01T02:00:00-00:00,2022-11-01T03:00:00-00:00,1,2022-10-31,20,0,DAM,PSEI,Demand Forecast Day Ahead,SYS_FCST_DA_MW,2.8,3247.14,DAM,21
2022-10-31T13:00:00-00:00,2022-10-31T14:00:00-00:00,1,2022-10-31,7,0,DAM,PSEI,Demand Forecast Day Ahead,SYS_FCST_DA_MW,2.8,2677.57,DAM,21
2022-10-31T18:00:00-00:00,2022-10-31T19:00:00-00:00,1,2022-10-31,12,0,DAM,PSEI,Demand Forecast Day Ahead,SYS_FCST_DA_MW,2.8,3044.06,DAM,21
2022-10-31T08:00:00-00:00,2022-10-31T09:00:00-00:00,1,2022-10-31,2,0,DAM,PSEI,Demand Forecast Day Ahead,SYS_FCST_DA_MW,2.8,2026.91,DAM,21
2022-10-31T20:00:00-00:00,2022-10-31T21:00:00-00:00,1,2022-10-31,14,0,DAM,PSEI,Demand Forecast Day Ahead,SYS_FCST_DA_MW,2.8,3003.4,DAM,21
2022-10-31T23:00:00-00:00,2022-11-01T00:00:00-00:00,1,2022-10-31,17,0,DAM,PSEI,Demand Forecast Day Ahead,SYS_FCST_DA_MW,2.8,3056.99,DAM,21
2022-11-01T00:00:00-00:00,2022-11-01T01:00:00-00:00,1,2022-10-31,18,0,DAM,PSEI,Demand Forecast Day Ahead,SYS_FCST_DA_MW,2.8,3204.78,DAM,21
2022-11-01T05:00:00-00:00,2022-11-01T06:00:00-00:00,1,2022-10-31,23,0,DAM,PSEI,Demand Forecast Day Ahead,SYS_FCST_DA_MW,2.8,2661.59,DAM,21
2022-11-01T06:00:00-00:00,2022-11-01T07:00:00-00:00,1,2022-10-31,24,0,DAM,PSEI,Demand Forecast Day Ahead,SYS_FCST_DA_MW,2.8,2460.87,DAM,21
2022-10-31T11:00:00-00:00,2022-10-31T12:00:00-00:00,1,2022-10-31,5,0,DAM,PSEI,Demand Forecast Day Ahead,SYS_FCST_DA_MW,2.8,2115.06,DAM,21
2022-10-31T12:00:00-00:00,2022-10-31T13:00:00-00:00,1,2022-10-31,6,0,DAM,PSEI,Demand Forecast Day Ahead,SYS_FCST_DA_MW,2.8,2353.73,DAM,21
2022-11-01T01:00:00-00:00,2022-11-01T02:00:00-00:00,1,2022-10-31,19,0,DAM,PSEI,Demand Forecast Day Ahead,SYS_FCST_DA_MW,2.8,3331.08,DAM,21
2022-10-31T09:00:00-00:00,2022-10-31T10:00:00-00:00,1,2022-10-31,3,0,DAM,PSEI,Demand Forecast Day Ahead,SYS_FCST_DA_MW,2.8,1997.13,DAM,21
2022-10-31T14:00:00-00:00,2022-10-31T15:00:00-00:00,1,2022-10-31,8,0,DAM,PSEI,Demand Forecast Day Ahead,SYS_FCST_DA_MW,2.8,2922.48,DAM,21
2022-10-31T16:00:00-00:00,2022-10-31T17:00:00-00:00,1,2022-10-31,10,0,DAM,PSEI,Demand Forecast Day Ahead,SYS_FCST_DA_MW,2.8,3032.59,DAM,21
2022-10-31T23:00:00-00:00,2022-11-01T00:00:00-00:00,1,2022-10-31,17,0,DAM,SCE-TAC,Demand Forecast Day Ahead,SYS_FCST_DA_MW,2.2,12046.98,DAM,22
2022-10-31T20:00:00-00:00,2022-10-31T21:00:00-00:00,1,2022-10-31,14,0,DAM,SCE-TAC,Demand Forecast Day Ahead,SYS_FCST_DA_MW,2.2,11025.21,DAM,22
2022-10-31T13:00:00-00:00,2022-10-31T14:00:00-00:00,1,2022-10-31,7,0,DAM,SCE-TAC,Demand Forecast Day Ahead,SYS_FCST_DA_MW,2.2,10139.76,DAM,22
2022-10-31T18:00:00-00:00,2022-10-31T19:00:00-00:00,1,2022-10-31,12,0,DAM,SCE-TAC,Demand Forecast Day Ahead,SYS_FCST_DA_MW,2.2,10482.88,DAM,22
2022-10-31T19:00:00-00:00,2022-10-31T20:00:00-00:00,1,2022-10-31,13,0,DAM,SCE-TAC,Demand Forecast Day Ahead,SYS_FCST_DA_MW,2.2,10682.43,DAM,22
2022-10-31T22:00:00-00:00,2022-10-31T23:00:00-00:00,1,2022-10-31,16,0,DAM,SCE-TAC,Demand Forecast Day Ahead,SYS_FCST_DA_MW,2.2,11809.16,DAM,22
2022-11-01T00:00:00-00:00,2022-11-01T01:00:00-00:00,1,2022-10-31,18,0,DAM,SCE-TAC,Demand Forecast Day Ahead,SYS_FCST_DA_MW,2.2,12246.86,DAM,22
2022-10-31T08:00:00-00:00,2022-10-31T09:00:00-00:00,1,2022-10-31,2,0,DAM,SCE-TAC,Demand Forecast Day Ahead,SYS_FCST_DA_MW,2.2,8636.16,DAM,22
2022-10-31T12:00:00-00:00,2022-10-31T13:00:00-00:00,1,2022-10-31,6,0,DAM,SCE-TAC,Demand Forecast Day Ahead,SYS_FCST_DA_MW,2.2,9158.56,DAM,22
2022-10-31T15:00:00-00:00,2022-10-31T16:00:00-00:00,1,2022-10-31,9,0,DAM,SCE-TAC,Demand Forecast Day Ahead,SYS_FCST_DA_MW,2.2,10778.49,DAM,22
2022-11-01T04:00:00-00:00,2022-11-01T05:00:00-00:00,1,2022-10-31,22,0,DAM,SCE-TAC,Demand Forecast Day Ahead,SYS_FCST_DA_MW,2.2,11389.19,DAM,22
2022-10-31T11:00:00-00:00,2022-10-31T12:00:00-00:00,1,2022-10-31,5,0,DAM,SCE-TAC,Demand Forecast Day Ahead,SYS_FCST_DA_MW,2.2,8631.47,DAM,22
2022-10-31T17:00:00-00:00,2022-10-31T18:00:00-00:00,1,2022-10-31,11,0,DAM,SCE-TAC,Demand Forecast Day Ahead,SYS_FCST_DA_MW,2.2,10538.35,DAM,22
2022-10-31T21:00:00-00:00,2022-10-31T22:00:00-00:00,1,2022-10-31,15,0,DAM,SCE-TAC,Demand Forecast Day Ahead,SYS_FCST_DA_MW,2.2,11302.4,DAM,22
2022-11-01T01:00:00-00:00,2022-11-01T02:00:00-00:00,1,2022-10-31,19,0,DAM,SCE-TAC,Demand Forecast Day Ahead,SYS_FCST_DA_MW,2.2,12662.42,DAM,22
2022-11-01T03:00:00-00:00,2022-11-01T04:00:00-00:00,1,2022-10-31,21,0,DAM,SCE-TAC,Demand Forecast Day Ahead,SYS_FCST_DA_MW,2.2,11902.12,DAM,22
2022-11-01T05:00:00-00:00,2022-11-01T06:00:00-00:00,1,2022-10-31,23,0,DAM,SCE-TAC,Demand Forecast Day Ahead,SYS_FCST_DA_MW,2.2,10746.03,DAM,22
2022-11-01T06:00:00-00:00,2022-11-01T07:00:00-00:00,1,2022-10-31,24,0,DAM,SCE-TAC,Demand Forecast Day Ahead,SYS_FCST_DA_MW,2.2,10124.26,DAM,22
2022-10-31T10:00:00-00:00,2022-10-31T11:00:00-00:00,1,2022-10-31,4,0,DAM,SCE-TAC,Demand Forecast Day Ahead,SYS_FCST_DA_MW,2.2,8425.67,DAM,22
2022-10-31T16:00:00-00:00,2022-10-31T17:00:00-00:00,1,2022-10-31,10,0,DAM,SCE-TAC,Demand Forecast Day Ahead,SYS_FCST_DA_MW,2.2,10650.75,DAM,22
2022-10-31T14:00:00-00:00,2022-10-31T15:00:00-00:00,1,2022-10-31,8,0,DAM,SCE-TAC,Demand Forecast Day Ahead,SYS_FCST_DA_MW,2.2,10785.13,DAM,22
2022-10-31T09:00:00-00:00,2022-10-31T10:00:00-00:00,1,2022-10-31,3,0,DAM,SCE-TAC,Demand Forecast Day Ahead,SYS_FCST_DA_MW,2.2,8446.11,DAM,22
2022-11-01T02:00:00-00:00,2022-11-01T03:00:00-00:00,1,2022-10-31,20,0,DAM,SCE-TAC,Demand Forecast Day Ahead,SYS_FCST_DA_MW,2.2,12379.65,DAM,22
2022-11-01T06:00:00-00:00,2022-11-01T07:00:00-00:00,1,2022-10-31,24,0,DAM,SCL,Demand Forecast Day Ahead,SYS_FCST_DA_MW,2.8,949.56,DAM,23
2022-10-31T10:00:00-00:00,2022-10-31T11:00:00-00:00,1,2022-10-31,4,0,DAM,SCL,Demand Forecast Day Ahead,SYS_FCST_DA_MW,2.8,797.75,DAM,23
2022-10-31T22:00:00-00:00,2022-10-31T23:00:00-00:00,1,2022-10-31,16,0,DAM,SCL,Demand Forecast Day Ahead,SYS_FCST_DA_MW,2.8,1166.57,DAM,23
2022-11-01T05:00:00-00:00,2022-11-01T06:00:00-00:00,1,2022-10-31,23,0,DAM,SCL,Demand Forecast Day Ahead,SYS_FCST_DA_MW,2.8,1028.31,DAM,23
2022-11-01T02:00:00-00:00,2022-11-01T03:00:00-00:00,1,2022-10-31,20,0,DAM,SCL,Demand Forecast Day Ahead,SYS_FCST_DA_MW,2.8,1220.2,DAM,23
2022-10-31T08:00:00-00:00,2022-10-31T09:00:00-00:00,1,2022-10-31,2,0,DAM,SCL,Demand Forecast Day Ahead,SYS_FCST_DA_MW,2.8,809.06,DAM,23
2022-10-31T15:00:00-00:00,2022-10-31T16:00:00-00:00,1,2022-10-31,9,0,DAM,SCL,Demand Forecast Day Ahead,SYS_FCST_DA_MW,2.8,1180.81,DAM,23
2022-10-31T16:00:00-00:00,2022-10-31T17:00:00-00:00,1,2022-10-31,10,0,DAM,SCL,Demand Forecast Day Ahead,SYS_FCST_DA_MW,2.8,1190.41,DAM,23
2022-10-31T18:00:00-00:00,2022-10-31T19:00:00-00:00,1,2022-10-31,12,0,DAM,SCL,Demand Forecast Day Ahead,SYS_FCST_DA_MW,2.8,1197.49,DAM,23
2022-10-31T23:00:00-00:00,2022-11-01T00:00:00-00:00,1,2022-10-31,17,0,DAM,SCL,Demand Forecast Day Ahead,SYS_FCST_DA_MW,2.8,1184.71,DAM,23
2022-11-01T03:00:00-00:00,2022-11-01T04:00:00-00:00,1,2022-10-31,21,0,DAM,SCL,Demand Forecast Day Ahead,SYS_FCST_DA_MW,2.8,1176.95,DAM,23
2022-11-01T04:00:00-00:00,2022-11-01T05:00:00-00:00,1,2022-10-31,22,0,DAM,SCL,Demand Forecast Day Ahead,SYS_FCST_DA_MW,2.8,1108.63,DAM,23
2022-10-31T12:00:00-00:00,2022-10-31T13:00:00-00:00,1,2022-10-31,6,0,DAM,SCL,Demand Forecast Day Ahead,SYS_FCST_DA_MW,2.8,918.48,DAM,23
2022-10-31T14:00:00-00:00,2022-10-31T15:00:00-00:00,1,2022-10-31,8,0,DAM,SCL,Demand Forecast Day Ahead,SYS_FCST_DA_MW,2.8,1151.52,DAM,23
2022-10-31T19:00:00-00:00,2022-10-31T20:00:00-00:00,1,2022-10-31,13,0,DAM,SCL,Demand Forecast Day Ahead,SYS_FCST_DA_MW,2.8,1195.33,DAM,23
2022-10-31T20:00:00-00:00,2022-10-31T21:00:00-00:00,1,2022-10-31,14,0,DAM,SCL,Demand Forecast Day Ahead,SYS_FCST_DA_MW,2.8,1182.6,DAM,23
2022-11-01T00:00:00-00:00,2022-11-01T01:00:00-00:00,1,2022-10-31,18,0,DAM,SCL,Demand Forecast Day Ahead,SYS_FCST_DA_MW,2.8,1225.95,DAM,23
2022-10-31T17:00:00-00:00,2022-10-31T18:00:00-00:00,1,2022-10-31,11,0,DAM,SCL,Demand Forecast Day Ahead,SYS_FCST_DA_MW,2.8,1193.4,DAM,23
2022-10-31T11:00:00-00:00,2022-10-31T12:00:00-00:00,1,2022-10-31,5,0,DAM,SCL,Demand Forecast Day Ahead,SYS_FCST_DA_MW,2.8,830.23,DAM,23
2022-10-31T21:00:00-00:00,2022-10-31T22:00:00-00:00,1,2022-10-31,15,0,DAM,SCL,Demand Forecast Day Ahead,SYS_FCST_DA_MW,2.8,1169.9,DAM,23
2022-11-01T01:00:00-00:00,2022-11-01T02:00:00-00:00,1,2022-10-31,19,0,DAM,SCL,Demand Forecast Day Ahead,SYS_FCST_DA_MW,2.8,1249.3,DAM,23
2022-10-31T09:00:00-00:00,2022-10-31T10:00:00-00:00,1,2022-10-31,3,0,DAM,SCL,Demand Forecast Day Ahead,SYS_FCST_DA_MW,2.8,795.27,DAM,23
2022-10-31T13:00:00-00:00,2022-10-31T14:00:00-00:00,1,2022-10-31,7,0,DAM,SCL,Demand Forecast Day Ahead,SYS_FCST_DA_MW,2.8,1047.29,DAM,23
2022-11-01T00:00:00-00:00,2022-11-01T01:00:00-00:00,1,2022-10-31,18,0,DAM,SDGE-TAC,Demand Forecast Day Ahead,SYS_FCST_DA_MW,2.4,2685,DAM,24
2022-10-31T20:00:00-00:00,2022-10-31T21:00:00-00:00,1,2022-10-31,14,0,DAM,SDGE-TAC,Demand Forecast Day Ahead,SYS_FCST_DA_MW,2.4,1838,DAM,24
2022-11-01T03:00:00-00:00,2022-11-01T04:00:00-00:00,1,2022-10-31,21,0,DAM,SDGE-TAC,Demand Forecast Day Ahead,SYS_FCST_DA_MW,2.4,2570,DAM,24
2022-11-01T01:00:00-00:00,2022-11-01T02:00:00-00:00,1,2022-10-31,19,0,DAM,SDGE-TAC,Demand Forecast Day Ahead,SYS_FCST_DA_MW,2.4,2803,DAM,24
2022-10-31T17:00:00-00:00,2022-10-31T18:00:00-00:00,1,2022-10-31,11,0,DAM,SDGE-TAC,Demand Forecast Day Ahead,SYS_FCST_DA_MW,2.4,1737,DAM,24
2022-10-31T15:00:00-00:00,2022-10-31T16:00:00-00:00,1,2022-10-31,9,0,DAM,SDGE-TAC,Demand Forecast Day Ahead,SYS_FCST_DA_MW,2.4,2095,DAM,24
2022-10-31T12:00:00-00:00,2022-10-31T13:00:00-00:00,1,2022-10-31,6,0,DAM,SDGE-TAC,Demand Forecast Day Ahead,SYS_FCST_DA_MW,2.4,1907,DAM,24
2022-10-31T14:00:00-00:00,2022-10-31T15:00:00-00:00,1,2022-10-31,8,0,DAM,SDGE-TAC,Demand Forecast Day Ahead,SYS_FCST_DA_MW,2.4,2210,DAM,24
2022-10-31T10:00:00-00:00,2022-10-31T11:00:00-00:00,1,2022-10-31,4,0,DAM,SDGE-TAC,Demand Forecast Day Ahead,SYS_FCST_DA_MW,2.4,1768,DAM,24
2022-11-01T02:00:00-00:00,2022-11-01T03:00:00-00:00,1,2022-10-31,20,0,DAM,SDGE-TAC,Demand Forecast Day Ahead,SYS_FCST_DA_MW,2.4,2716,DAM,24
2022-10-31T19:00:00-00:00,2022-10-31T20:00:00-00:00,1,2022-10-31,13,0,DAM,SDGE-TAC,Demand Forecast Day Ahead,SYS_FCST_DA_MW,2.4,1733,DAM,24
2022-10-31T16:00:00-00:00,2022-10-31T17:00:00-00:00,1,2022-10-31,10,0,DAM,SDGE-TAC,Demand Forecast Day Ahead,SYS_FCST_DA_MW,2.4,1890,DAM,24
2022-11-01T06:00:00-00:00,2022-11-01T07:00:00-00:00,1,2022-10-31,24,0,DAM,SDGE-TAC,Demand Forecast Day Ahead,SYS_FCST_DA_MW,2.4,2061,DAM,24
2022-10-31T23:00:00-00:00,2022-11-01T00:00:00-00:00,1,2022-10-31,17,0,DAM,SDGE-TAC,Demand Forecast Day Ahead,SYS_FCST_DA_MW,2.4,2494,DAM,24
2022-11-01T04:00:00-00:00,2022-11-01T05:00:00-00:00,1,2022-10-31,22,0,DAM,SDGE-TAC,Demand Forecast Day Ahead,SYS_FCST_DA_MW,2.4,2425,DAM,24
2022-10-31T22:00:00-00:00,2022-10-31T23:00:00-00:00,1,2022-10-31,16,0,DAM,SDGE-TAC,Demand Forecast Day Ahead,SYS_FCST_DA_MW,2.4,2296,DAM,24
2022-10-31T13:00:00-00:00,2022-10-31T14:00:00-00:00,1,2022-10-31,7,0,DAM,SDGE-TAC,Demand Forecast Day Ahead,SYS_FCST_DA_MW,2.4,2108,DAM,24
2022-10-31T11:00:00-00:00,2022-10-31T12:00:00-00:00,1,2022-10-31,5,0,DAM,SDGE-TAC,Demand Forecast Day Ahead,SYS_FCST_DA_MW,2.4,1799,DAM,24
2022-11-01T05:00:00-00:00,2022-11-01T06:00:00-00:00,1,2022-10-31,23,0,DAM,SDGE-TAC,Demand Forecast Day Ahead,SYS_FCST_DA_MW,2.4,2234,DAM,24
2022-10-31T21:00:00-00:00,2022-10-31T22:00:00-00:00,1,2022-10-31,15,0,DAM,SDGE-TAC,Demand Forecast Day Ahead,SYS_FCST_DA_MW,2.4,2044,DAM,24
2022-10-31T18:00:00-00:00,2022-10-31T19:00:00-00:00,1,2022-10-31,12,0,DAM,SDGE-TAC,Demand Forecast Day Ahead,SYS_FCST_DA_MW,2.4,1708,DAM,24
2022-10-31T09:00:00-00:00,2022-10-31T10:00:00-00:00,1,2022-10-31,3,0,DAM,SDGE-TAC,Demand Forecast Day Ahead,SYS_FCST_DA_MW,2.4,1784,DAM,24
2022-10-31T08:00:00-00:00,2022-10-31T09:00:00-00:00,1,2022-10-31,2,0,DAM,SDGE-TAC,Demand Forecast Day Ahead,SYS_FCST_DA_MW,2.4,1827,DAM,24
2022-11-01T00:00:00-00:00,2022-11-01T01:00:00-00:00,1,2022-10-31,18,0,DAM,SRP,Demand Forecast Day Ahead,SYS_FCST_DA_MW,2.8,3418.03,DAM,25
2022-11-01T06:00:00-00:00,2022-11-01T07:00:00-00:00,1,2022-10-31,24,0,DAM,SRP,Demand Forecast Day Ahead,SYS_FCST_DA_MW,2.8,2691.77,DAM,25
2022-11-01T03:00:00-00:00,2022-11-01T04:00:00-00:00,1,2022-10-31,21,0,DAM,SRP,Demand Forecast Day Ahead,SYS_FCST_DA_MW,2.8,3267.29,DAM,25
2022-10-31T16:00:00-00:00,2022-10-31T17:00:00-00:00,1,2022-10-31,10,0,DAM,SRP,Demand Forecast Day Ahead,SYS_FCST_DA_MW,2.8,2808.06,DAM,25
2022-10-31T14:00:00-00:00,2022-10-31T15:00:00-00:00,1,2022-10-31,8,0,DAM,SRP,Demand Forecast Day Ahead,SYS_FCST_DA_MW,2.8,2813.97,DAM,25
2022-11-01T05:00:00-00:00,2022-11-01T06:00:00-00:00,1,2022-10-31,23,0,DAM,SRP,Demand Forecast Day Ahead,SYS_FCST_DA_MW,2.8,2892.14,DAM,25
2022-10-31T15:00:00-00:00,2022-10-31T16:00:00-00:00,1,2022-10-31,9,0,DAM,SRP,Demand Forecast Day Ahead,SYS_FCST_DA_MW,2.8,2784.99,DAM,25
2022-10-31T17:00:00-00:00,2022-10-31T18:00:00-00:00,1,2022-10-31,11,0,DAM,SRP,Demand Forecast Day Ahead,SYS_FCST_DA_MW,2.8,2850.41,DAM,25
2022-10-31T12:00:00-00:00,2022-10-31T13:00:00-00:00,1,2022-10-31,6,0,DAM,SRP,Demand Forecast Day Ahead,SYS_FCST_DA_MW,2.8,2583.32,DAM,25
2022-10-31T09:00:00-00:00,2022-10-31T10:00:00-00:00,1,2022-10-31,3,0,DAM,SRP,Demand Forecast Day Ahead,SYS_FCST_DA_MW,2.8,2322.21,DAM,25
2022-10-31T23:00:00-00:00,2022-11-01T00:00:00-00:00,1,2022-10-31,17,0,DAM,SRP,Demand Forecast Day Ahead,SYS_FCST_DA_MW,2.8,3377.1,DAM,25
2022-10-31T22:00:00-00:00,2022-10-31T23:00:00-00:00,1,2022-10-31,16,0,DAM,SRP,Demand Forecast Day Ahead,SYS_FCST_DA_MW,2.8,3296.64,DAM,25
2022-11-01T01:00:00-00:00,2022-11-01T02:00:00-00:00,1,2022-10-31,19,0,DAM,SRP,Demand Forecast Day Ahead,SYS_FCST_DA_MW,2.8,3482.97,DAM,25
2022-10-31T13:00:00-00:00,2022-10-31T14:00:00-00:00,1,2022-10-31,7,0,DAM,SRP,Demand Forecast Day Ahead,SYS_FCST_DA_MW,2.8,2794.53,DAM,25
2022-10-31T20:00:00-00:00,2022-10-31T21:00:00-00:00,1,2022-10-31,14,0,DAM,SRP,Demand Forecast Day Ahead,SYS_FCST_DA_MW,2.8,3131.94,DAM,25
2022-10-31T19:00:00-00:00,2022-10-31T20:00:00-00:00,1,2022-10-31,13,0,DAM,SRP,Demand Forecast Day Ahead,SYS_FCST_DA_MW,2.8,3023.51,DAM,25
2022-10-31T21:00:00-00:00,2022-10-31T22:00:00-00:00,1,2022-10-31,15,0,DAM,SRP,Demand Forecast Day Ahead,SYS_FCST_DA_MW,2.8,3250.34,DAM,25
2022-10-31T11:00:00-00:00,2022-10-31T12:00:00-00:00,1,2022-10-31,5,0,DAM,SRP,Demand Forecast Day Ahead,SYS_FCST_DA_MW,2.8,2412.1,DAM,25
2022-10-31T08:00:00-00:00,2022-10-31T09:00:00-00:00,1,2022-10-31,2,0,DAM,SRP,Demand Forecast Day Ahead,SYS_FCST_DA_MW,2.8,2362.96,DAM,25
2022-10-31T10:00:00-00:00,2022-10-31T11:00:00-00:00,1,2022-10-31,4,0,DAM,SRP,Demand Forecast Day Ahead,SYS_FCST_DA_MW,2.8,2331.14,DAM,25
2022-10-31T18:00:00-00:00,2022-10-31T19:00:00-00:00,1,2022-10-31,12,0,DAM,SRP,Demand Forecast Day Ahead,SYS_FCST_DA_MW,2.8,2911.82,DAM,25
2022-11-01T04:00:00-00:00,2022-11-01T05:00:00-00:00,1,2022-10-31,22,0,DAM,SRP,Demand Forecast Day Ahead,SYS_FCST_DA_MW,2.8,3108.14,DAM,25
2022-11-01T02:00:00-00:00,2022-11-01T03:00:00-00:00,1,2022-10-31,20,0,DAM,SRP,Demand Forecast Day Ahead,SYS_FCST_DA_MW,2.8,3373.03,DAM,25
2022-11-01T01:00:00-00:00,2022-11-01T02:00:00-00:00,1,2022-10-31,19,0,DAM,TEPC,Demand Forecast Day Ahead,SYS_FCST_DA_MW,2.8,1251.92,DAM,26
2022-10-31T10:00:00-00:00,2022-10-31T11:00:00-00:00,1,2022-10-31,4,0,DAM,TEPC,Demand Forecast Day Ahead,SYS_FCST_DA_MW,2.8,893.25,DAM,26
2022-11-01T00:00:00-00:00,2022-11-01T01:00:00-00:00,1,2022-10-31,18,0,DAM,TEPC,Demand Forecast Day Ahead,SYS_FCST_DA_MW,2.8,1220.35,DAM,26
2022-11-01T04:00:00-00:00,2022-11-01T05:00:00-00:00,1,2022-10-31,22,0,DAM,TEPC,Demand Forecast Day Ahead,SYS_FCST_DA_MW,2.8,1098.38,DAM,26
2022-11-01T05:00:00-00:00,2022-11-01T06:00:00-00:00,1,2022-10-31,23,0,DAM,TEPC,Demand Forecast Day Ahead,SYS_FCST_DA_MW,2.8,1019.16,DAM,26
2022-10-31T13:00:00-00:00,2022-10-31T14:00:00-00:00,1,2022-10-31,7,0,DAM,TEPC,Demand Forecast Day Ahead,SYS_FCST_DA_MW,2.8,1088.97,DAM,26
2022-10-31T19:00:00-00:00,2022-10-31T20:00:00-00:00,1,2022-10-31,13,0,DAM,TEPC,Demand Forecast Day Ahead,SYS_FCST_DA_MW,2.8,918.61,DAM,26
2022-10-31T11:00:00-00:00,2022-10-31T12:00:00-00:00,1,2022-10-31,5,0,DAM,TEPC,Demand Forecast Day Ahead,SYS_FCST_DA_MW,2.8,933.73,DAM,26
2022-10-31T21:00:00-00:00,2022-10-31T22:00:00-00:00,1,2022-10-31,15,0,DAM,TEPC,Demand Forecast Day Ahead,SYS_FCST_DA_MW,2.8,1027.71,DAM,26
2022-10-31T22:00:00-00:00,2022-10-31T23:00:00-00:00,1,2022-10-31,16,0,DAM,TEPC,Demand Forecast Day Ahead,SYS_FCST_DA_MW,2.8,1115.59,DAM,26
2022-11-01T06:00:00-00:00,2022-11-01T07:00:00-00:00,1,2022-10-31,24,0,DAM,TEPC,Demand Forecast Day Ahead,SYS_FCST_DA_MW,2.8,949.72,DAM,26
2022-10-31T08:00:00-00:00,2022-10-31T09:00:00-00:00,1,2022-10-31,2,0,DAM,TEPC,Demand Forecast Day Ahead,SYS_FCST_DA_MW,2.8,890.78,DAM,26
2022-10-31T12:00:00-00:00,2022-10-31T13:00:00-00:00,1,2022-10-31,6,0,DAM,TEPC,Demand Forecast Day Ahead,SYS_FCST_DA_MW,2.8,1009.47,DAM,26
2022-10-31T15:00:00-00:00,2022-10-31T16:00:00-00:00,1,2022-10-31,9,0,DAM,TEPC,Demand Forecast Day Ahead,SYS_FCST_DA_MW,2.8,983.46,DAM,26
2022-11-01T02:00:00-00:00,2022-11-01T03:00:00-00:00,1,2022-10-31,20,0,DAM,TEPC,Demand Forecast Day Ahead,SYS_FCST_DA_MW,2.8,1211.78,DAM,26
2022-10-31T16:00:00-00:00,2022-10-31T17:00:00-00:00,1,2022-10-31,10,0,DAM,TEPC,Demand Forecast Day Ahead,SYS_FCST_DA_MW,2.8,914.31,DAM,26
2022-10-31T18:00:00-00:00,2022-10-31T19:00:00-00:00,1,2022-10-31,12,0,DAM,TEPC,Demand Forecast Day Ahead,SYS_FCST_DA_MW,2.8,897.17,DAM,26
2022-10-31T20:00:00-00:00,2022-10-31T21:00:00-00:00,1,2022-10-31,14,0,DAM,TEPC,Demand Forecast Day Ahead,SYS_FCST_DA_MW,2.8,957.54,DAM,26
2022-10-31T17:00:00-00:00,2022-10-31T18:00:00-00:00,1,2022-10-31,11,0,DAM,TEPC,Demand Forecast Day Ahead,SYS_FCST_DA_MW,2.8,897.41,DAM,26
2022-10-31T23:00:00-00:00,2022-11-01T00:00:00-00:00,1,2022-10-31,17,0,DAM,TEPC,Demand Forecast Day Ahead,SYS_FCST_DA_MW,2.8,1181.14,DAM,26
2022-10-31T09:00:00-00:00,2022-10-31T10:00:00-00:00,1,2022-10-31,3,0,DAM,TEPC,Demand Forecast Day Ahead,SYS_FCST_DA_MW,2.8,886.83,DAM,26
2022-10-31T14:00:00-00:00,2022-10-31T15:00:00-00:00,1,2022-10-31,8,0,DAM,TEPC,Demand Forecast Day Ahead,SYS_FCST_DA_MW,2.8,1061.35,DAM,26
2022-11-01T03:00:00-00:00,2022-11-01T04:00:00-00:00,1,2022-10-31,21,0,DAM,TEPC,Demand Forecast Day Ahead,SYS_FCST_DA_MW,2.8,1163.55,DAM,26
2022-11-01T05:00:00-00:00,2022-11-01T06:00:00-00:00,1,2022-10-31,23,0,DAM,TIDC,Demand Forecast Day Ahead,SYS_FCST_DA_MW,2.8,306.82,DAM,27
2022-11-01T04:00:00-00:00,2022-11-01T05:00:00-00:00,1,2022-10-31,22,0,DAM,TIDC,Demand Forecast Day Ahead,SYS_FCST_DA_MW,2.8,322.66,DAM,27
2022-10-31T15:00:00-00:00,2022-10-31T16:00:00-00:00,1,2022-10-31,9,0,DAM,TIDC,Demand Forecast Day Ahead,SYS_FCST_DA_MW,2.8,322.64,DAM,27
2022-10-31T09:00:00-00:00,2022-10-31T10:00:00-00:00,1,2022-10-31,3,0,DAM,TIDC,Demand Forecast Day Ahead,SYS_FCST_DA_MW,2.8,248.71,DAM,27
2022-10-31T22:00:00-00:00,2022-10-31T23:00:00-00:00,1,2022-10-31,16,0,DAM,TIDC,Demand Forecast Day Ahead,SYS_FCST_DA_MW,2.8,335.59,DAM,27
2022-11-01T06:00:00-00:00,2022-11-01T07:00:00-00:00,1,2022-10-31,24,0,DAM,TIDC,Demand Forecast Day Ahead,SYS_FCST_DA_MW,2.8,290.58,DAM,27
2022-11-01T01:00:00-00:00,2022-11-01T02:00:00-00:00,1,2022-10-31,19,0,DAM,TIDC,Demand Forecast Day Ahead,SYS_FCST_DA_MW,2.8,352.79,DAM,27
2022-10-31T14:00:00-00:00,2022-10-31T15:00:00-00:00,1,2022-10-31,8,0,DAM,TIDC,Demand Forecast Day Ahead,SYS_FCST_DA_MW,2.8,318.27,DAM,27
2022-11-01T03:00:00-00:00,2022-11-01T04:00:00-00:00,1,2022-10-31,21,0,DAM,TIDC,Demand Forecast Day Ahead,SYS_FCST_DA_MW,2.8,336.9,DAM,27
2022-11-01T02:00:00-00:00,2022-11-01T03:00:00-00:00,1,2022-10-31,20,0,DAM,TIDC,Demand Forecast Day Ahead,SYS_FCST_DA_MW,2.8,352.48,DAM,27
2022-10-31T20:00:00-00:00,2022-10-31T21:00:00-00:00,1,2022-10-31,14,0,DAM,TIDC,Demand Forecast Day Ahead,SYS_FCST_DA_MW,2.8,329.17,DAM,27
2022-10-31T19:00:00-00:00,2022-10-31T20:00:00-00:00,1,2022-10-31,13,0,DAM,TIDC,Demand Forecast Day Ahead,SYS_FCST_DA_MW,2.8,325.07,DAM,27
2022-10-31T18:00:00-00:00,2022-10-31T19:00:00-00:00,1,2022-10-31,12,0,DAM,TIDC,Demand Forecast Day Ahead,SYS_FCST_DA_MW,2.8,323.43,DAM,27
2022-10-31T16:00:00-00:00,2022-10-31T17:00:00-00:00,1,2022-10-31,10,0,DAM,TIDC,Demand Forecast Day Ahead,SYS_FCST_DA_MW,2.8,322.41,DAM,27
2022-10-31T13:00:00-00:00,2022-10-31T14:00:00-00:00,1,2022-10-31,7,0,DAM,TIDC,Demand Forecast Day Ahead,SYS_FCST_DA_MW,2.8,296.09,DAM,27
2022-10-31T21:00:00-00:00,2022-10-31T22:00:00-00:00,1,2022-10-31,15,0,DAM,TIDC,Demand Forecast Day Ahead,SYS_FCST_DA_MW,2.8,331.81,DAM,27
2022-10-31T23:00:00-00:00,2022-11-01T00:00:00-00:00,1,2022-10-31,17,0,DAM,TIDC,Demand Forecast Day Ahead,SYS_FCST_DA_MW,2.8,339.06,DAM,27
2022-10-31T17:00:00-00:00,2022-10-31T18:00:00-00:00,1,2022-10-31,11,0,DAM,TIDC,Demand Forecast Day Ahead,SYS_FCST_DA_MW,2.8,323.17,DAM,27
2022-10-31T10:00:00-00:00,2022-10-31T11:00:00-00:00,1,2022-10-31,4,0,DAM,TIDC,Demand Forecast Day Ahead,SYS_FCST_DA_MW,2.8,249.49,DAM,27
2022-10-31T08:00:00-00:00,2022-10-31T09:00:00-00:00,1,2022-10-31,2,0,DAM,TIDC,Demand Forecast Day Ahead,SYS_FCST_DA_MW,2.8,253.09,DAM,27
2022-10-31T11:00:00-00:00,2022-10-31T12:00:00-00:00,1,2022-10-31,5,0,DAM,TIDC,Demand Forecast Day Ahead,SYS_FCST_DA_MW,2.8,256.23,DAM,27
2022-10-31T12:00:00-00:00,2022-10-31T13:00:00-00:00,1,2022-10-31,6,0,DAM,TIDC,Demand Forecast Day Ahead,SYS_FCST_DA_MW,2.8,270.68,DAM,27
2022-11-01T00:00:00-00:00,2022-11-01T01:00:00-00:00,1,2022-10-31,18,0,DAM,TIDC,Demand Forecast Day Ahead,SYS_FCST_DA_MW,2.8,342.52,DAM,27
2022-10-31T08:00:00-00:00,2022-10-31T09:00:00-00:00,1,2022-10-31,2,0,DAM,TPWR,Demand Forecast Day Ahead,SYS_FCST_DA_MW,2.8,377.35,DAM,28
2022-10-31T19:00:00-00:00,2022-10-31T20:00:00-00:00,1,2022-10-31,13,0,DAM,TPWR,Demand Forecast Day Ahead,SYS_FCST_DA_MW,2.8,555,DAM,28
2022-10-31T15:00:00-00:00,2022-10-31T16:00:00-00:00,1,2022-10-31,9,0,DAM,TPWR,Demand Forecast Day Ahead,SYS_FCST_DA_MW,2.8,539.53,DAM,28
2022-10-31T11:00:00-00:00,2022-10-31T12:00:00-00:00,1,2022-10-31,5,0,DAM,TPWR,Demand Forecast Day Ahead,SYS_FCST_DA_MW,2.8,378.28,DAM,28
2022-10-31T20:00:00-00:00,2022-10-31T21:00:00-00:00,1,2022-10-31,14,0,DAM,TPWR,Demand Forecast Day Ahead,SYS_FCST_DA_MW,2.8,547.24,DAM,28
2022-10-31T18:00:00-00:00,2022-10-31T19:00:00-00:00,1,2022-10-31,12,0,DAM,TPWR,Demand Forecast Day Ahead,SYS_FCST_DA_MW,2.8,555.13,DAM,28
2022-10-31T10:00:00-00:00,2022-10-31T11:00:00-00:00,1,2022-10-31,4,0,DAM,TPWR,Demand Forecast Day Ahead,SYS_FCST_DA_MW,2.8,367.64,DAM,28
2022-11-01T01:00:00-00:00,2022-11-01T02:00:00-00:00,1,2022-10-31,19,0,DAM,TPWR,Demand Forecast Day Ahead,SYS_FCST_DA_MW,2.8,584.41,DAM,28
2022-11-01T03:00:00-00:00,2022-11-01T04:00:00-00:00,1,2022-10-31,21,0,DAM,TPWR,Demand Forecast Day Ahead,SYS_FCST_DA_MW,2.8,568.84,DAM,28
2022-10-31T22:00:00-00:00,2022-10-31T23:00:00-00:00,1,2022-10-31,16,0,DAM,TPWR,Demand Forecast Day Ahead,SYS_FCST_DA_MW,2.8,536.29,DAM,28
2022-10-31T09:00:00-00:00,2022-10-31T10:00:00-00:00,1,2022-10-31,3,0,DAM,TPWR,Demand Forecast Day Ahead,SYS_FCST_DA_MW,2.8,368.54,DAM,28
2022-10-31T14:00:00-00:00,2022-10-31T15:00:00-00:00,1,2022-10-31,8,0,DAM,TPWR,Demand Forecast Day Ahead,SYS_FCST_DA_MW,2.8,514.42,DAM,28
2022-10-31T12:00:00-00:00,2022-10-31T13:00:00-00:00,1,2022-10-31,6,0,DAM,TPWR,Demand Forecast Day Ahead,SYS_FCST_DA_MW,2.8,409.74,DAM,28
2022-11-01T06:00:00-00:00,2022-11-01T07:00:00-00:00,1,2022-10-31,24,0,DAM,TPWR,Demand Forecast Day Ahead,SYS_FCST_DA_MW,2.8,455.22,DAM,28
2022-11-01T00:00:00-00:00,2022-11-01T01:00:00-00:00,1,2022-10-31,18,0,DAM,TPWR,Demand Forecast Day Ahead,SYS_FCST_DA_MW,2.8,555.58,DAM,28
2022-10-31T17:00:00-00:00,2022-10-31T18:00:00-00:00,1,2022-10-31,11,0,DAM,TPWR,Demand Forecast Day Ahead,SYS_FCST_DA_MW,2.8,554.05,DAM,28
2022-11-01T04:00:00-00:00,2022-11-01T05:00:00-00:00,1,2022-10-31,22,0,DAM,TPWR,Demand Forecast Day Ahead,SYS_FCST_DA_MW,2.8,538.11,DAM,28
2022-11-01T05:00:00-00:00,2022-11-01T06:00:00-00:00,1,2022-10-31,23,0,DAM,TPWR,Demand Forecast Day Ahead,SYS_FCST_DA_MW,2.8,495.71,DAM,28
2022-11-01T02:00:00-00:00,2022-11-01T03:00:00-00:00,1,2022-10-31,20,0,DAM,TPWR,Demand Forecast Day Ahead,SYS_FCST_DA_MW,2.8,590.49,DAM,28
2022-10-31T16:00:00-00:00,2022-10-31T17:00:00-00:00,1,2022-10-31,10,0,DAM,TPWR,Demand Forecast Day Ahead,SYS_FCST_DA_MW,2.8,549.68,DAM,28
2022-10-31T23:00:00-00:00,2022-11-01T00:00:00-00:00,1,2022-10-31,17,0,DAM,TPWR,Demand Forecast Day Ahead,SYS_FCST_DA_MW,2.8,538.71,DAM,28
2022-10-31T21:00:00-00:00,2022-10-31T22:00:00-00:00,1,2022-10-31,15,0,DAM,TPWR,Demand Forecast Day Ahead,SYS_FCST_DA_MW,2.8,539.7,DAM,28
2022-10-31T13:00:00-00:00,2022-10-31T14:00:00-00:00,1,2022-10-31,7,0,DAM,TPWR,Demand Forecast Day Ahead,SYS_FCST_DA_MW,2.8,465.41,DAM,28
2022-10-31T09:00:00-00:00,2022-10-31T10:00:00-00:00,1,2022-10-31,3,0,DAM,VEA-TAC,Demand Forecast Day Ahead,SYS_FCST_DA_MW,2.5,46.17,DAM,29
2022-11-01T03:00:00-00:00,2022-11-01T04:00:00-00:00,1,2022-10-31,21,0,DAM,VEA-TAC,Demand Forecast Day Ahead,SYS_FCST_DA_MW,2.5,59.31,DAM,29
2022-11-01T00:00:00-00:00,2022-11-01T01:00:00-00:00,1,2022-10-31,18,0,DAM,VEA-TAC,Demand Forecast Day Ahead,SYS_FCST_DA_MW,2.5,60.68,DAM,29
2022-11-01T01:00:00-00:00,2022-11-01T02:00:00-00:00,1,2022-10-31,19,0,DAM,VEA-TAC,Demand Forecast Day Ahead,SYS_FCST_DA_MW,2.5,63.87,DAM,29
2022-11-01T02:00:00-00:00,2022-11-01T03:00:00-00:00,1,2022-10-31,20,0,DAM,VEA-TAC,Demand Forecast Day Ahead,SYS_FCST_DA_MW,2.5,62.03,DAM,29
2022-11-01T04:00:00-00:00,2022-11-01T05:00:00-00:00,1,2022-10-31,22,0,DAM,VEA-TAC,Demand Forecast Day Ahead,SYS_FCST_DA_MW,2.5,55.55,DAM,29
2022-10-31T11:00:00-00:00,2022-10-31T12:00:00-00:00,1,2022-10-31,5,0,DAM,VEA-TAC,Demand Forecast Day Ahead,SYS_FCST_DA_MW,2.5,51.8,DAM,29
2022-10-31T21:00:00-00:00,2022-10-31T22:00:00-00:00,1,2022-10-31,15,0,DAM,VEA-TAC,Demand Forecast Day Ahead,SYS_FCST_DA_MW,2.5,53.17,DAM,29
2022-11-01T06:00:00-00:00,2022-11-01T07:00:00-00:00,1,2022-10-31,24,0,DAM,VEA-TAC,Demand Forecast Day Ahead,SYS_FCST_DA_MW,2.5,48.33,DAM,29
2022-10-31T16:00:00-00:00,2022-10-31T17:00:00-00:00,1,2022-10-31,10,0,DAM,VEA-TAC,Demand Forecast Day Ahead,SYS_FCST_DA_MW,2.5,56.79,DAM,29
2022-10-31T18:00:00-00:00,2022-10-31T19:00:00-00:00,1,2022-10-31,12,0,DAM,VEA-TAC,Demand Forecast Day Ahead,SYS_FCST_DA_MW,2.5,51.32,DAM,29
2022-10-31T22:00:00-00:00,2022-10-31T23:00:00-00:00,1,2022-10-31,16,0,DAM,VEA-TAC,Demand Forecast Day Ahead,SYS_FCST_DA_MW,2.5,54.86,DAM,29
2022-10-31T08:00:00-00:00,2022-10-31T09:00:00-00:00,1,2022-10-31,2,0,DAM,VEA-TAC,Demand Forecast Day Ahead,SYS_FCST_DA_MW,2.5,45.38,DAM,29
2022-10-31T13:00:00-00:00,2022-10-31T14:00:00-00:00,1,2022-10-31,7,0,DAM,VEA-TAC,Demand Forecast Day Ahead,SYS_FCST_DA_MW,2.5,64.01,DAM,29
2022-10-31T20:00:00-00:00,2022-10-31T21:00:00-00:00,1,2022-10-31,14,0,DAM,VEA-TAC,Demand Forecast Day Ahead,SYS_FCST_DA_MW,2.5,52,DAM,29
2022-10-31T23:00:00-00:00,2022-11-01T00:00:00-00:00,1,2022-10-31,17,0,DAM,VEA-TAC,Demand Forecast Day Ahead,SYS_FCST_DA_MW,2.5,57.36,DAM,29
2022-11-01T05:00:00-00:00,2022-11-01T06:00:00-00:00,1,2022-10-31,23,0,DAM,VEA-TAC,Demand Forecast Day Ahead,SYS_FCST_DA_MW,2.5,51.93,DAM,29
2022-10-31T10:00:00-00:00,2022-10-31T11:00:00-00:00,1,2022-10-31,4,0,DAM,VEA-TAC,Demand Forecast Day Ahead,SYS_FCST_DA_MW,2.5,48.2,DAM,29
2022-10-31T15:00:00-00:00,2022-10-31T16:00:00-00:00,1,2022-10-31,9,0,DAM,VEA-TAC,Demand Forecast Day Ahead,SYS_FCST_DA_MW,2.5,60.82,DAM,29
2022-10-31T19:00:00-00:00,2022-10-31T20:00:00-00:00,1,2022-10-31,13,0,DAM,VEA-TAC,Demand Forecast Day Ahead,SYS_FCST_DA_MW,2.5,51.22,DAM,29
2022-10-31T14:00:00-00:00,2022-10-31T15:00:00-00:00,1,2022-10-31,8,0,DAM,VEA-TAC,Demand Forecast Day Ahead,SYS_FCST_DA_MW,2.5,66.79,DAM,29
2022-10-31T17:00:00-00:00,2022-10-31T18:00:00-00:00,1,2022-10-31,11,0,DAM,VEA-TAC,Demand Forecast Day Ahead,SYS_FCST_DA_MW,2.5,53.7,DAM,29
2022-10-31T12:00:00-00:00,2022-10-31T13:00:00-00:00,1,2022-10-31,6,0,DAM,VEA-TAC,Demand Forecast Day Ahead,SYS_FCST_DA_MW,2.5,57.38,DAM,29
2022-11-01T07:00:00-00:00,2022-11-01T08:00:00-00:00,1,2022-11-01,1,0,DAM,AVA,Demand Forecast Day Ahead,SYS_FCST_DA_MW,2.8,868.47,DAM,30
2022-11-01T07:00:00-00:00,2022-11-01T08:00:00-00:00,1,2022-11-01,1,0,DAM,AZPS,Demand Forecast Day Ahead,SYS_FCST_DA_MW,2.8,2659.89,DAM,31
2022-11-01T07:00:00-00:00,2022-11-01T08:00:00-00:00,1,2022-11-01,1,0,DAM,BANC,Demand Forecast Day Ahead,SYS_FCST_DA_MW,2.8,1362.74,DAM,32
2022-11-01T07:00:00-00:00,2022-11-01T08:00:00-00:00,1,2022-11-01,1,0,DAM,BANCMID,Demand Forecast Day Ahead,SYS_FCST_DA_MW,2.8,236.2,DAM,33
2022-11-01T07:00:00-00:00,2022-11-01T08:00:00-00:00,1,2022-11-01,1,0,DAM,BANCRDNG,Demand Forecast Day Ahead,SYS_FCST_DA_MW,2.8,78.3,DAM,34
2022-11-01T07:00:00-00:00,2022-11-01T08:00:00-00:00,1,2022-11-01,1,0,DAM,BANCRSVL,Demand Forecast Day Ahead,SYS_FCST_DA_MW,2.8,92.99,DAM,35
2022-11-01T07:00:00-00:00,2022-11-01T08:00:00-00:00,1,2022-11-01,1,0,DAM,BANCSMUD,Demand Forecast Day Ahead,SYS_FCST_DA_MW,2.8,912.57,DAM,36
2022-11-01T07:00:00-00:00,2022-11-01T08:00:00-00:00,1,2022-11-01,1,0,DAM,BANCWASN,Demand Forecast Day Ahead,SYS_FCST_DA_MW,2.8,29.67,DAM,37
2022-11-01T07:00:00-00:00,2022-11-01T08:00:00-00:00,1,2022-11-01,1,0,DAM,BPAT,Demand Forecast Day Ahead,SYS_FCST_DA_MW,2.8,5212.24,DAM,38
2022-11-01T07:00:00-00:00,2022-11-01T08:00:00-00:00,1,2022-11-01,1,0,DAM,CA ISO-TAC,Demand Forecast Day Ahead,SYS_FCST_DA_MW,2,21667.53,DAM,39
2022-11-01T07:00:00-00:00,2022-11-01T08:00:00-00:00,1,2022-11-01,1,0,DAM,IPCO,Demand Forecast Day Ahead,SYS_FCST_DA_MW,2.8,1425.39,DAM,40
2022-11-01T07:00:00-00:00,2022-11-01T08:00:00-00:00,1,2022-11-01,1,0,DAM,LADWP,Demand Forecast Day Ahead,SYS_FCST_DA_MW,2.8,2218.21,DAM,41
2022-11-01T07:00:00-00:00,2022-11-01T08:00:00-00:00,1,2022-11-01,1,0,DAM,MWD-TAC,Demand Forecast Day Ahead,SYS_FCST_DA_MW,2.3,207.5,DAM,42
2022-11-01T07:00:00-00:00,2022-11-01T08:00:00-00:00,1,2022-11-01,1,0,DAM,NEVP,Demand Forecast Day Ahead,SYS_FCST_DA_MW,2.8,3367.85,DAM,43
2022-11-01T07:00:00-00:00,2022-11-01T08:00:00-00:00,1,2022-11-01,1,0,DAM,NWMT,Demand Forecast Day Ahead,SYS_FCST_DA_MW,2.8,1133.36,DAM,44
2022-11-01T07:00:00-00:00,2022-11-01T08:00:00-00:00,1,2022-11-01,1,0,DAM,PACE,Demand Forecast Day Ahead,SYS_FCST_DA_MW,2.8,4560.1,DAM,45
2022-11-01T07:00:00-00:00,2022-11-01T08:00:00-00:00,1,2022-11-01,1,0,DAM,PACW,Demand Forecast Day Ahead,SYS_FCST_DA_MW,2.8,1831.47,DAM,46
2022-11-01T07:00:00-00:00,2022-11-01T08:00:00-00:00,1,2022-11-01,1,0,DAM,PGE,Demand Forecast Day Ahead,SYS_FCST_DA_MW,2.8,2121.73,DAM,47
2022-11-01T07:00:00-00:00,2022-11-01T08:00:00-00:00,1,2022-11-01,1,0,DAM,PGE-TAC,Demand Forecast Day Ahead,SYS_FCST_DA_MW,2.1,9836.82,DAM,48
2022-11-01T07:00:00-00:00,2022-11-01T08:00:00-00:00,1,2022-11-01,1,0,DAM,PNM,Demand Forecast Day Ahead,SYS_FCST_DA_MW,2.8,1267.08,DAM,49
2022-11-01T07:00:00-00:00,2022-11-01T08:00:00-00:00,1,2022-11-01,1,0,DAM,PSEI,Demand Forecast Day Ahead,SYS_FCST_DA_MW,2.8,2355.14,DAM,50
2022-11-01T07:00:00-00:00,2022-11-01T08:00:00-00:00,1,2022-11-01,1,0,DAM,SCE-TAC,Demand Forecast Day Ahead,SYS_FCST_DA_MW,2.2,9598.55,DAM,51
2022-11-01T07:00:00-00:00,2022-11-01T08:00:00-00:00,1,2022-11-01,1,0,DAM,SCL,Demand Forecast Day Ahead,SYS_FCST_DA_MW,2.8,873.67,DAM,52
2022-11-01T07:00:00-00:00,2022-11-01T08:00:00-00:00,1,2022-11-01,1,0,DAM,SDGE-TAC,Demand Forecast Day Ahead,SYS_FCST_DA_MW,2.4,1980.03,DAM,53
2022-11-01T07:00:00-00:00,2022-11-01T08:00:00-00:00,1,2022-11-01,1,0,DAM,SRP,Demand Forecast Day Ahead,SYS_FCST_DA_MW,2.8,2543.47,DAM,54
2022-11-01T07:00:00-00:00,2022-11-01T08:00:00-00:00,1,2022-11-01,1,0,DAM,TEPC,Demand Forecast Day Ahead,SYS_FCST_DA_MW,2.8,967.18,DAM,55
2022-11-01T07:00:00-00:00,2022-11-01T08:00:00-00:00,1,2022-11-01,1,0,DAM,TIDC,Demand Forecast Day Ahead,SYS_FCST_DA_MW,2.8,272.33,DAM,56
2022-11-01T07:00:00-00:00,2022-11-01T08:00:00-00:00,1,2022-11-01,1,0,DAM,TPWR,Demand Forecast Day Ahead,SYS_FCST_DA_MW,2.8,430.22,DAM,57
2022-11-01T07:00:00-00:00,2022-11-01T08:00:00-00:00,1,2022-11-01,1,0,DAM,VEA-TAC,Demand Forecast Day Ahead,SYS_FCST_DA_MW,2.5,44.63,DAM,58
